-- phpMyAdmin SQL Dump
-- version 4.6.6deb5
-- https://www.phpmyadmin.net/
--
-- Client :  localhost:3306
-- Généré le :  Lun 21 Janvier 2019 à 18:40
-- Version du serveur :  5.7.24-0ubuntu0.18.04.1
-- Version de PHP :  7.2.10-0ubuntu0.18.04.1

SET SQL_MODE = "NO_AUTO_VALUE_ON_ZERO";
SET time_zone = "+00:00";


/*!40101 SET @OLD_CHARACTER_SET_CLIENT=@@CHARACTER_SET_CLIENT */;
/*!40101 SET @OLD_CHARACTER_SET_RESULTS=@@CHARACTER_SET_RESULTS */;
/*!40101 SET @OLD_COLLATION_CONNECTION=@@COLLATION_CONNECTION */;
/*!40101 SET NAMES utf8mb4 */;

--
-- Base de données :  `ydkjfr_sta`
--

-- --------------------------------------------------------

--
-- Structure de la table `qhdr`
--

DROP TABLE IF EXISTS `qhdr`;
CREATE TABLE `qhdr` (
  `id` varchar(3) NOT NULL,
  `title` varchar(64) NOT NULL,
  `folder` varchar(64) NOT NULL,
  `qtype` set('Question','Gibberish','DisOrDat','JackAttack','Fiber') NOT NULL,
  `qsubtype` set('Normal','Blank','Who','Eyes') DEFAULT NULL,
  `value` tinyint(1) DEFAULT NULL,
  `answer` tinyint(1) DEFAULT NULL,
  `forcenext` varchar(3) DEFAULT NULL
) ENGINE=MyISAM DEFAULT CHARSET=utf8;

-- --------------------------------------------------------

--
-- Structure de la table `resani`
--

DROP TABLE IF EXISTS `resani`;
CREATE TABLE `resani` (
  `grp` varchar(16) NOT NULL,
  `name` varchar(64) NOT NULL,
  `variantType` varchar(32) NOT NULL DEFAULT '',
  `variantValue` int(7) NOT NULL DEFAULT '0',
  `resid` int(7) NOT NULL,
  `framestart` int(7) NOT NULL DEFAULT '0',
  `framestop` int(7) DEFAULT NULL,
  `loopani` tinyint(1) NOT NULL DEFAULT '0'
) ENGINE=MyISAM DEFAULT CHARSET=utf8;

--
-- Contenu de la table `resani`
--

INSERT INTO `resani` (`grp`, `name`, `variantType`, `variantValue`, `resid`, `framestart`, `framestop`, `loopani`) VALUES
('Intro', 'IntroPreTitle1.1', '', 0, 3500, 291, NULL, 0),
('Intro', 'JackLogo1', '', 0, 8400, 0, NULL, 0),
('Category', 'ChooseCategory', 'CategoryNumber', 1, 10000, 7, NULL, 0),
('Category', 'ChooseCategory', 'CategoryNumber', 2, 10001, 7, NULL, 0),
('Category', 'ChooseCategory', 'CategoryNumber', 3, 10002, 7, NULL, 0),
('DisOrDat', 'ValueLeave', 'QuestionValue', 1000, 14000, 802, 807, 0),
('DisOrDat', 'ValueMinus', 'QuestionValue', 1000, 14000, 785, NULL, 0),
('DisOrDat', 'ValueLeave', 'QuestionValue', 500, 14000, 760, 766, 0),
('DisOrDat', 'ValueMinus', 'QuestionValue', 500, 14000, 746, NULL, 0),
('DisOrDat', 'ValueComesIn', 'QuestionValue', 500, 14000, 734, NULL, 0),
('DisOrDat', 'Button4Leave', 'NumberOfAnswers', 2, 14000, 720, 725, 0),
('Question', 'JingleQuestion2', 'QuestionNumber', 1, -2010, 0, NULL, 0),
('Question', 'JingleQuestion2', 'QuestionNumber', 2, -2020, 0, NULL, 0),
('Question', 'JingleQuestion2', 'QuestionNumber', 3, -2030, 0, NULL, 0),
('Question', 'BGQuestion2', 'QuestionNumber', 1, -2010, 56, NULL, 0),
('Question', 'BGQuestion2', 'QuestionNumber', 2, -2020, 56, NULL, 0),
('Question', 'BGQuestion2', 'QuestionNumber', 3, -2030, 55, NULL, 0),
('DisOrDat', 'Button4ComesIn', 'NumberOfAnswers', 2, 14000, 644, NULL, 0),
('DisOrDat', 'Button2Push', 'NumberOfAnswers', 2, 14000, 621, NULL, 0),
('DisOrDat', 'Button2Ready', 'NumberOfAnswers', 2, 14000, 609, NULL, 0),
('DisOrDat', 'Button1Push', 'NumberOfAnswers', 2, 14000, 534, NULL, 0),
('DisOrDat', 'Button1Ready', 'NumberOfAnswers', 2, 14000, 522, NULL, 0),
('DisOrDat', 'Button1StandbyLoop', 'NumberOfAnswers', 2, 14000, 488, 515, 0),
('DisOrDat', 'Button1ComesIn', 'NumberOfAnswers', 2, 14000, 467, NULL, 0),
('DisOrDat', 'Button4Leave', 'NumberOfAnswers', 3, 14000, 452, 457, 0),
('DisOrDat', 'Button4Push', 'NumberOfAnswers', 3, 14000, 440, NULL, 0),
('DisOrDat', 'Button4Ready', 'NumberOfAnswers', 3, 14000, 428, NULL, 0),
('DisOrDat', 'Button4StandbyLoop', 'NumberOfAnswers', 3, 14000, 394, 421, 0),
('DisOrDat', 'Button4ComesIn', 'NumberOfAnswers', 3, 14000, 375, NULL, 0),
('DisOrDat', 'Button3Leave', 'NumberOfAnswers', 3, 14000, 364, 371, 0),
('DisOrDat', 'Button3Push', 'NumberOfAnswers', 3, 14000, 352, NULL, 0),
('DisOrDat', 'Button3Ready', 'NumberOfAnswers', 3, 14000, 340, NULL, 0),
('DisOrDat', 'Button3StandbyLoop', 'NumberOfAnswers', 3, 14000, 308, 335, 0),
('DisOrDat', 'Button3ComesIn', 'NumberOfAnswers', 3, 14000, 289, NULL, 0),
('DisOrDat', 'Button2Leave', 'NumberOfAnswers', 3, 14000, 277, 284, 0),
('DisOrDat', 'Button2Push', 'NumberOfAnswers', 3, 14000, 264, NULL, 0),
('DisOrDat', 'Button2Ready', 'NumberOfAnswers', 3, 14000, 252, NULL, 0),
('DisOrDat', 'Button2StandbyLoop', 'NumberOfAnswers', 3, 14000, 219, 246, 0),
('DisOrDat', 'Button2ComesIn', 'NumberOfAnswers', 3, 14000, 200, NULL, 0),
('DisOrDat', 'Button1Leave', 'NumberOfAnswers', 3, 14000, 189, 194, 0),
('DisOrDat', 'Button1Push', 'NumberOfAnswers', 3, 14000, 176, NULL, 0),
('DisOrDat', 'Button1Ready', 'NumberOfAnswers', 3, 14000, 164, NULL, 0),
('DisOrDat', 'Button1StandbyLoop', 'NumberOfAnswers', 3, 14000, 132, 159, 0),
('DisOrDat', 'Button1ComesIn', 'NumberOfAnswers', 3, 14000, 111, NULL, 0),
('Question', 'JingleQuestion1', 'QuestionNumber', 1, -1010, 0, NULL, 0),
('Question', 'JingleQuestion1', 'QuestionNumber', 2, -1020, 0, NULL, 0),
('Question', 'JingleQuestion1', 'QuestionNumber', 3, -1030, 0, NULL, 0),
('Question', 'JingleQuestion3', 'QuestionNumber', 1, -3010, 0, NULL, 0),
('Question', 'JingleQuestion3', 'QuestionNumber', 2, -3020, 0, NULL, 0),
('Question', 'JingleQuestion3', 'QuestionNumber', 3, -3030, 0, NULL, 0),
('Question', 'BGQuestion1', 'QuestionNumber', 1, -1010, 62, NULL, 0),
('Question', 'BGQuestion1', 'QuestionNumber', 2, -1020, 65, NULL, 0),
('Question', 'BGQuestion1', 'QuestionNumber', 3, -1030, 59, NULL, 0),
('Question', 'BGQuestion3', 'QuestionNumber', 1, -3010, 57, NULL, 0),
('Question', 'BGQuestion3', 'QuestionNumber', 2, -3020, 67, NULL, 0),
('Question', 'BGQuestion3', 'QuestionNumber', 3, -3030, 66, NULL, 0),
('Question', 'AnnounceValue', 'QuestionValue', 1000, 11000, 14, NULL, 0),
('Question', 'HideValue', 'QuestionValue', 1000, 11000, 35, NULL, 0),
('Question', 'AnnounceValue', 'QuestionValue', 3000, 11030, 14, NULL, 0),
('Question', 'HideValue', 'QuestionValue', 3000, 11030, 35, NULL, 0),
('Question', 'JingleQuestion1', 'QuestionNumber', 4, -1040, 0, NULL, 0),
('Question', 'BGQuestion1', 'QuestionNumber', 4, -1040, 60, NULL, 0),
('Question', 'JingleQuestion1', 'QuestionNumber', 5, -1050, 0, NULL, 0),
('Question', 'BGQuestion1', 'QuestionNumber', 5, -1050, 77, NULL, 0),
('Question', 'JingleQuestion1', 'QuestionNumber', 6, -1060, 0, NULL, 0),
('Question', 'BGQuestion1', 'QuestionNumber', 6, -1060, 58, NULL, 0),
('Question', 'JingleQuestion1', 'QuestionNumber', 7, -1070, 0, NULL, 0),
('Question', 'BGQuestion1', 'QuestionNumber', 7, -1070, 64, NULL, 0),
('Question', 'JingleQuestion1', 'QuestionNumber', 8, -1080, 0, NULL, 0),
('Question', 'BGQuestion1', 'QuestionNumber', 8, -1080, 65, NULL, 0),
('Question', 'JingleQuestion1', 'QuestionNumber', 9, -1090, 0, NULL, 0),
('Question', 'BGQuestion1', 'QuestionNumber', 9, -1090, 64, NULL, 0),
('Question', 'JingleQuestion1', 'QuestionNumber', 10, -1100, 0, NULL, 0),
('Question', 'BGQuestion1', 'QuestionNumber', 10, -1100, 65, NULL, 0),
('Question', 'JingleQuestion2', 'QuestionNumber', 4, -2040, 0, NULL, 0),
('Question', 'BGQuestion2', 'QuestionNumber', 4, -2040, 55, NULL, 0),
('Question', 'JingleQuestion2', 'QuestionNumber', 5, -2050, 0, NULL, 0),
('Question', 'BGQuestion2', 'QuestionNumber', 5, -2050, 52, NULL, 0),
('Question', 'JingleQuestion2', 'QuestionNumber', 6, -2060, 0, NULL, 0),
('Question', 'BGQuestion2', 'QuestionNumber', 6, -2060, 55, NULL, 0),
('Question', 'JingleQuestion2', 'QuestionNumber', 7, -2070, 0, NULL, 0),
('Question', 'BGQuestion2', 'QuestionNumber', 7, -2070, 54, NULL, 0),
('Question', 'JingleQuestion2', 'QuestionNumber', 8, -2080, 0, NULL, 0),
('Question', 'BGQuestion2', 'QuestionNumber', 8, -2080, 56, NULL, 0),
('Question', 'JingleQuestion2', 'QuestionNumber', 9, -2090, 0, NULL, 0),
('Question', 'BGQuestion2', 'QuestionNumber', 9, -2090, 52, NULL, 0),
('Question', 'JingleQuestion2', 'QuestionNumber', 10, -2100, 0, NULL, 0),
('Question', 'BGQuestion2', 'QuestionNumber', 10, -2100, 62, NULL, 0),
('Question', 'JingleQuestion3', 'QuestionNumber', 4, -3040, 0, NULL, 0),
('Question', 'BGQuestion3', 'QuestionNumber', 4, -3040, 59, NULL, 0),
('Question', 'JingleQuestion3', 'QuestionNumber', 5, -3050, 0, NULL, 0),
('Question', 'BGQuestion3', 'QuestionNumber', 5, -3050, 73, NULL, 0),
('Question', 'JingleQuestion3', 'QuestionNumber', 6, -3060, 0, NULL, 0),
('Question', 'BGQuestion3', 'QuestionNumber', 6, -3060, 62, NULL, 0),
('DisOrDat', 'Button2StandbyLoop', 'NumberOfAnswers', 2, 14000, 576, 603, 0),
('DisOrDat', 'HideQuestionTimeout', '', 0, 14000, 93, 107, 0),
('DisOrDat', 'ShowCategory', '', 0, 14000, 21, NULL, 0),
('DisOrDat', 'ShowHeader', '', 0, 14000, 8, 15, 0),
('DisOrDat', 'TimerTimeOut', '', 0, 8021, 666, NULL, 0),
('DisOrDat', 'PrepareTimer', 'CategoryNumber', 1, 8021, 12, NULL, 0),
('DisOrDat', 'TimerComesIn', 'CategoryNumber', 1, 8041, 5, NULL, 0),
('DisOrDat', 'IntroStill', '', 0, 14690, 74, NULL, 0),
('DisOrDat', 'Intro', '', 0, 14690, 2, NULL, 0),
('Question', 'RevealAnswer', '', 0, 12000, 178, NULL, 0),
('Question', 'WrongAnswer4', '', 0, 12000, 173, 177, 0),
('Question', 'WrongAnswer3', '', 0, 12000, 168, 172, 0),
('Question', 'WrongAnswer2', '', 0, 12000, 163, 167, 0),
('Question', 'WrongAnswer1', '', 0, 12000, 158, 162, 0),
('Question', 'CorrectAnswer4', '', 0, 12000, 154, NULL, 0),
('Question', 'CorrectAnswer3', '', 0, 12000, 150, NULL, 0),
('Question', 'CorrectAnswer2', '', 0, 12000, 146, NULL, 0),
('Question', 'CorrectAnswer1', '', 0, 12000, 142, NULL, 0),
('Question', 'LoopAnswer4', '', 0, 12000, 135, 140, 1),
('Question', 'LoopAnswer3', '', 0, 12000, 128, 133, 1),
('Question', 'LoopAnswer2', '', 0, 12000, 121, 126, 1),
('Question', 'LoopAnswer1', '', 0, 12000, 114, 119, 1),
('Question', 'ShowAnswer4', '', 0, 12000, 87, NULL, 0),
('Question', 'ShowAnswer3', '', 0, 12000, 70, NULL, 0),
('Question', 'ShowAnswer2', '', 0, 12000, 53, NULL, 0),
('Question', 'ShowAnswer1', '', 0, 12000, 36, NULL, 0),
('Question', 'Player3LostScrew', 'NumberOfPlayers', 3, 3000, 1172, NULL, 0),
('Question', 'Player3Wrong', 'NumberOfPlayers', 3, 3000, 1156, NULL, 0),
('Question', 'Player3Correct', 'NumberOfPlayers', 3, 3000, 1129, NULL, 0),
('Question', 'Player3AnswerLoop', 'NumberOfPlayers', 3, 3000, 1122, 1127, 1),
('Question', 'Player3Answer', 'NumberOfPlayers', 3, 3000, 1108, 1120, 0),
('Question', 'Player3ShowKey', 'NumberOfPlayers', 3, 3000, 1093, NULL, 0),
('Question', 'Player2LostScrew', 'NumberOfPlayers', 3, 3000, 763, NULL, 0),
('Question', 'Player2Wrong', 'NumberOfPlayers', 3, 3000, 748, NULL, 0),
('Question', 'Player2Correct', 'NumberOfPlayers', 3, 3000, 722, NULL, 0),
('Question', 'Player2AnswerLoop', 'NumberOfPlayers', 3, 3000, 715, 720, 1),
('Question', 'Player2Answer', 'NumberOfPlayers', 3, 3000, 701, 713, 0),
('Question', 'Player2ShowKey', 'NumberOfPlayers', 3, 3000, 686, NULL, 0),
('Question', 'Player1LostScrew', 'NumberOfPlayers', 3, 3000, 368, NULL, 0),
('Question', 'Player1Wrong', 'NumberOfPlayers', 3, 3000, 354, NULL, 0),
('Question', 'Player1Correct', 'NumberOfPlayers', 3, 3000, 328, NULL, 0),
('Question', 'Player1AnswerLoop', 'NumberOfPlayers', 3, 3000, 321, 326, 1),
('Question', 'Player1Answer', 'NumberOfPlayers', 3, 3000, 307, 319, 0),
('Question', 'ShowQuestion', '', 0, 12000, 22, NULL, 0),
('Question', 'PrepareTimer', 'CategoryNumber', 1, 8018, 8, NULL, 0),
('Question', 'HideValue', 'QuestionValue', 2000, 11020, 35, NULL, 0),
('Question', 'Round1', '', 0, 8014, 0, NULL, 0),
('Question', 'BGQuestion1', 'QuestionDemo', 2, -2020, 56, NULL, 0),
('Question', 'BGQuestion1', 'QuestionDemo', 1, -2010, 56, NULL, 0),
('Question', 'JingleQuestion1', 'QuestionDemo', 1, -2010, 0, NULL, 0),
('Intro', 'IntroJack1', '', 0, 8400, 1, NULL, 0),
('Intro', 'Player1', 'NumberOfPlayers', 1, 3500, 352, NULL, 0),
('Intro', 'Player1', 'NumberOfPlayers', 2, 3500, 359, NULL, 0),
('Intro', 'Player2', 'NumberOfPlayers', 2, 3500, 413, NULL, 0),
('Intro', 'Player1', 'NumberOfPlayers', 3, 3500, 473, NULL, 0),
('Intro', 'Player2', 'NumberOfPlayers', 3, 3500, 524, NULL, 0),
('Intro', 'Player3', 'NumberOfPlayers', 3, 3500, 576, NULL, 0),
('Intro', 'IntroPreTitle1.2', '', 0, 3500, 311, NULL, 0),
('Intro', 'IntroJack2', '', 0, 8401, 1, NULL, 0),
('Intro', 'IntroJack3', '', 0, 8402, 1, NULL, 0),
('Intro', 'IntroJack4', '', 0, 8403, 1, NULL, 0),
('Intro', 'JackLogo2', '', 0, 8401, 0, NULL, 0),
('Intro', 'JackLogo3', '', 0, 8402, 0, NULL, 0),
('Intro', 'JackLogo4', '', 0, 8403, 0, NULL, 0),
('Intro', 'IntroPreTitle2.1', '', 0, 8410, 0, NULL, 0),
('Intro', 'IntroPreTitle2.2', '', 0, 8410, 24, NULL, 0),
('Intro', 'IntroPreTitle3.1', '', 0, 8410, 49, NULL, 0),
('Intro', 'IntroPreTitle3.2', '', 0, 8410, 74, NULL, 0),
('Intro', 'IntroPreTitle4.1', '', 0, 8410, 99, NULL, 0),
('Intro', 'IntroPreTitle4.2', '', 0, 8410, 124, NULL, 0),
('Intro', 'IntroPreTitle5.1', '', 0, 8410, 149, NULL, 0),
('Intro', 'IntroPreTitle5.2', '', 0, 8410, 174, NULL, 0),
('Intro', 'IntroPreTitle6.1', '', 0, 8410, 199, NULL, 0),
('Intro', 'IntroPreTitle6.2', '', 0, 8410, 224, NULL, 0),
('Intro', 'IntroPreTitle7.1', '', 0, 8410, 249, NULL, 0),
('Intro', 'IntroPreTitle7.2', '', 0, 8410, 274, NULL, 0),
('Intro', 'IntroPreTitle8.1', '', 0, 8410, 299, NULL, 0),
('Intro', 'IntroPreTitle8.2', '', 0, 8410, 324, NULL, 0),
('Intro', 'IntroPreTitle9.1', '', 0, 8410, 349, NULL, 0),
('Intro', 'IntroPreTitle9.2', '', 0, 8410, 374, NULL, 0),
('Intro', 'IntroPreTitle10.1', '', 0, 8410, 399, NULL, 0),
('Intro', 'IntroPreTitle10.2', '', 0, 8410, 424, NULL, 0),
('Intro', 'IntroPreTitle11.1', '', 0, 8410, 448, NULL, 0),
('Intro', 'IntroPreTitle11.2', '', 0, 8410, 473, NULL, 0),
('DisOrDat', 'Player1ComesIn', '', 0, 14900, 1, NULL, 0),
('DisOrDat', 'MessageSpaceBarLeave', '', 0, 14000, 928, NULL, 0),
('DisOrDat', 'MessageSpaceBarComesIn', '', 0, 14000, 925, NULL, 0),
('DisOrDat', 'ValueComesIn', 'QuestionValue', 1000, 14000, 772, NULL, 0),
('DisOrDat', 'Button4Push', 'NumberOfAnswers', 2, 14000, 708, NULL, 0),
('DisOrDat', 'Button4Ready', 'NumberOfAnswers', 2, 14000, 696, NULL, 0),
('DisOrDat', 'Button4StandbyLoop', 'NumberOfAnswers', 2, 14000, 662, 689, 0),
('DisOrDat', 'Button2Leave', 'NumberOfAnswers', 2, 14000, 634, 642, 0),
('DisOrDat', 'Button2ComesIn', 'NumberOfAnswers', 2, 14000, 558, NULL, 0),
('DisOrDat', 'Button1Leave', 'NumberOfAnswers', 2, 14000, 547, 552, 0),
('DisOrDat', 'HideQuestionCorrect', '', 0, 14000, 84, 88, 0),
('DisOrDat', 'HideQuestionWrong', '', 0, 14000, 76, 80, 0),
('DisOrDat', 'HideQuestionSkip', '', 0, 14000, 69, 72, 0),
('DisOrDat', 'ShowQuestion', '', 0, 14000, 63, NULL, 0),
('DisOrDat', 'HideSubject', '', 0, 14000, 51, 57, 0),
('DisOrDat', 'ShowSubject', '', 0, 14000, 40, NULL, 0),
('DisOrDat', 'HideCategory', '', 0, 14000, 28, 35, 0),
('Question', 'Player1ShowKey', 'NumberOfPlayers', 3, 3000, 292, NULL, 0),
('Question', 'HideQuestion', '', 0, 12000, 31, 35, 0),
('Question', 'ShowHeader', '', 0, 12000, 9, 20, 0),
('Question', 'TimerTimeOut', '', 0, 8018, 254, NULL, 0),
('Question', 'AnnounceValue', 'QuestionValue', 2000, 11020, 14, NULL, 0),
('Question', 'ShowCategory', 'QuestionValue', 2000, 11020, 0, NULL, 0),
('Question', 'TimerComesIn', 'CategoryNumber', 1, 8017, 2, NULL, 0),
('Question', 'BGQuestion1', 'QuestionDemo', 3, -2030, 55, NULL, 0),
('Question', 'JingleQuestion1', 'QuestionDemo', 3, -2030, 0, NULL, 0),
('Question', 'JingleQuestion1', 'QuestionDemo', 2, -2020, 0, NULL, 0),
('Category', 'ChoiceCategory3', '', 0, 10000, 116, NULL, 0),
('Category', 'ChoiceCategory2', '', 0, 10000, 111, NULL, 0),
('Category', 'ChoiceCategory1', '', 0, 10000, 106, NULL, 0),
('Category', 'LoopCategory3', '', 0, 10000, 89, 104, 1),
('Category', 'LoopCategory2', '', 0, 10000, 72, 87, 1),
('Category', 'LoopCategory1', '', 0, 10000, 55, 70, 1),
('Category', 'CategoryTitles', '', 0, 10000, 51, NULL, 0),
('Category', 'ShowCategories', '', 0, 10000, 35, NULL, 0),
('Category', 'ChooseCategoryText', '', 0, 10000, 26, NULL, 0),
('Intro', 'IntroJack', '', 0, 3540, 58, NULL, 0),
('Intro', 'IntroPreTitle', '', 0, 3540, 0, NULL, 0),
('DisOrDat', 'Player1WinGrow', '', 0, 14900, 22, 25, 0),
('DisOrDat', 'Player1WinBig', '', 0, 14900, 33, 33, 0),
('DisOrDat', 'Player1Win', '', 0, 14900, 43, NULL, 0),
('DisOrDat', 'Player1LoseGrow', '', 0, 14900, 70, 73, 0),
('DisOrDat', 'Player1LoseBig', '', 0, 14900, 81, 81, 0),
('DisOrDat', 'Player1Lose', '', 0, 14900, 94, NULL, 0),
('DisOrDat', 'Player2ComesIn', '', 0, 14930, 1, NULL, 0),
('DisOrDat', 'Player2WinGrow', '', 0, 14930, 22, 25, 0),
('DisOrDat', 'Player2WinBig', '', 0, 14930, 33, 33, 0),
('DisOrDat', 'Player2Win', '', 0, 14930, 43, NULL, 0),
('DisOrDat', 'Player2LoseGrow', '', 0, 14930, 70, 73, 0),
('DisOrDat', 'Player2LoseBig', '', 0, 14930, 81, 81, 0),
('DisOrDat', 'Player2Lose', '', 0, 14930, 94, NULL, 0),
('DisOrDat', 'Player3ComesIn', '', 0, 14950, 1, NULL, 0),
('DisOrDat', 'Player3WinGrow', '', 0, 14950, 22, 25, 0),
('DisOrDat', 'Player3WinBig', '', 0, 14950, 33, 33, 0),
('DisOrDat', 'Player3Win', '', 0, 14950, 43, NULL, 0),
('DisOrDat', 'Player3LoseGrow', '', 0, 14950, 70, 73, 0),
('DisOrDat', 'Player3LoseBig', '', 0, 14950, 81, 81, 0),
('DisOrDat', 'Player3Lose', '', 0, 14950, 94, NULL, 0),
('DisOrDat', 'TempScoreShow', '', 0, 14000, 814, NULL, 0),
('DisOrDat', 'TempScoreCorrectStart', '', 0, 14000, 822, 823, 0),
('DisOrDat', 'TempScoreCorrect', '', 0, 14000, 829, 829, 0),
('DisOrDat', 'TempScoreCorrectStop', '', 0, 14000, 836, NULL, 0),
('DisOrDat', 'TempScoreWrongStart', '', 0, 14000, 843, 844, 0),
('DisOrDat', 'TempScoreWrong', '', 0, 14000, 853, 853, 0),
('DisOrDat', 'TempScoreWrongStop', '', 0, 14000, 862, NULL, 0),
('DisOrDat', 'TempScoreHide', '', 0, 14000, 873, 874, 0),
('DisOrDat', 'FinalScoreWinShow', '', 0, 14000, 881, NULL, 0),
('DisOrDat', 'FinalScoreWinHide', '', 0, 14000, 891, 898, 0),
('DisOrDat', 'FinalScoreLoseShow', '', 0, 14000, 903, NULL, 0),
('DisOrDat', 'FinalScoreLoseHide', '', 0, 14000, 913, 920, 0),
('JackAttack', 'IntroRound1', 'CategoryNumber', 1, 8300, 0, NULL, 0),
('JackAttack', 'IntroRound1', 'CategoryNumber', 3, 8301, 0, NULL, 0),
('JackAttack', 'IntroRound2', 'CategoryNumber', 1, 8310, 0, NULL, 0),
('JackAttack', 'IntroRound2', 'CategoryNumber', 3, 8311, 0, NULL, 0),
('JackAttack', 'IntroRound3', 'CategoryNumber', 1, 8320, 0, NULL, 0),
('JackAttack', 'IntroRound3', 'CategoryNumber', 3, 8321, 0, NULL, 0),
('JackAttack', 'RipBG1', '', 0, 19001, 4, 4, 0),
('JackAttack', 'RipBG2', '', 0, 19001, 8, 8, 0),
('JackAttack', 'LogoStill', '', 0, 19001, 27, NULL, 0),
('JackAttack', 'LogoAnimation1', '', 0, 19001, 35, 48, 0),
('JackAttack', 'LogoAnimation2', '', 0, 19001, 52, 72, 0),
('JackAttack', 'ShowSkipText1', '', 0, 19001, 77, NULL, 0),
('JackAttack', 'HideSkipText1', '', 0, 19001, 80, 82, 0),
('JackAttack', 'Example1', '', 0, 19001, 164, 246, 0),
('JackAttack', 'Example2', '', 0, 19001, 249, 322, 0),
('JackAttack', 'Example3', '', 0, 19001, 327, 415, 0),
('JackAttack', 'RememberTheClue', '', 0, 19001, 418, NULL, 0),
('JackAttack', 'LogoHide', '', 0, 15000, 0, 16, 0),
('JackAttack', 'ShowClue', '', 0, 15000, 203, 238, 0),
('JackAttack', 'ShowQuestion', '', 0, 15000, 240, 438, 0),
('JackAttack', 'Player1Wrong', 'PlayerSolo', 0, 15000, 19, 33, 0),
('JackAttack', 'Player2Wrong', '', 0, 15000, 37, 51, 0),
('JackAttack', 'Player3Wrong', 'PlayerSolo', 0, 15000, 54, 68, 0),
('JackAttack', 'Player1Correct', 'PlayerSolo', 0, 15000, 74, 114, 0),
('JackAttack', 'Player2Correct', '', 0, 15000, 116, 156, 0),
('JackAttack', 'Player3Correct', 'PlayerSolo', 0, 15000, 158, 198, 0),
('JackAttack', 'QuestionCorrect', '', 0, 15000, 443, 460, 0),
('JackAttack', 'AnswerCorrect', '', 0, 15000, 463, 480, 0),
('JackAttack', 'ShowAnswer1.1', '', 0, 15000, 484, 501, 0),
('JackAttack', 'ShowAnswer1.2', '', 0, 15000, 504, 521, 0),
('JackAttack', 'ShowAnswer2.1', '', 0, 15000, 524, 541, 0),
('JackAttack', 'ShowAnswer2.2', '', 0, 15000, 544, 561, 0),
('JackAttack', 'ShowAnswer3.1', '', 0, 15000, 565, 582, 0),
('JackAttack', 'ShowAnswer3.2', '', 0, 15000, 585, 602, 0),
('JackAttack', 'ShowAnswer4.1', '', 0, 15000, 605, 622, 0),
('JackAttack', 'ShowAnswer4.2', '', 0, 15000, 625, 642, 0),
('JackAttack', 'ShowAnswer5.1', '', 0, 15000, 645, 662, 0),
('JackAttack', 'ShowAnswer5.2', '', 0, 15000, 665, 682, 0),
('JackAttack', 'ShowAnswer6.1', '', 0, 15000, 685, 702, 0),
('JackAttack', 'ShowAnswer6.2', '', 0, 15000, 705, 722, 0),
('JackAttack', 'ShowAnswer7.1', '', 0, 15000, 725, 742, 0),
('JackAttack', 'ShowAnswer7.2', '', 0, 15000, 745, 762, 0),
('JackAttack', 'ShowAnswer8.1', '', 0, 15000, 765, 782, 0),
('JackAttack', 'ShowAnswer8.2', '', 0, 15000, 785, 802, 0),
('JackAttack', 'ShowAnswer9.1', '', 0, 15000, 805, 822, 0),
('JackAttack', 'ShowAnswer9.2', '', 0, 15000, 825, 842, 0),
('JackAttack', 'ShowAnswer10.1', '', 0, 15000, 845, 862, 0),
('JackAttack', 'ShowAnswer10.2', '', 0, 15000, 865, 882, 0),
('JackAttack', 'ShowAnswer11.1', '', 0, 15000, 887, 904, 0),
('JackAttack', 'ShowAnswer11.2', '', 0, 15000, 907, 924, 0),
('JackAttack', 'ShowAnswer12.1', '', 0, 15000, 927, 944, 0),
('JackAttack', 'ShowAnswer12.2', '', 0, 15000, 947, 964, 0),
('JackAttack', 'ShowAnswer13.1', '', 0, 15000, 967, 984, 0),
('JackAttack', 'ShowAnswer13.2', '', 0, 15000, 987, 1004, 0),
('JackAttack', 'ShowAnswer14.1', '', 0, 15000, 1007, 1024, 0),
('JackAttack', 'ShowAnswer14.2', '', 0, 15000, 1027, 1044, 0),
('JackAttack', 'ShowAnswer15.1', '', 0, 15000, 1047, 1064, 0),
('JackAttack', 'ShowAnswer15.2', '', 0, 15000, 1067, 1084, 0),
('JackAttack', 'ShowAnswer16.1', '', 0, 15000, 1087, 1104, 0),
('JackAttack', 'ShowAnswer16.2', '', 0, 15000, 1107, 1124, 0),
('JackAttack', 'ShowAnswer17.1', '', 0, 15000, 1127, 1144, 0),
('JackAttack', 'ShowAnswer17.2', '', 0, 15000, 1147, 1164, 0),
('JackAttack', 'ShowAnswer18.1', '', 0, 15000, 1167, 1184, 0),
('JackAttack', 'ShowAnswer18.2', '', 0, 15000, 1187, 1204, 0),
('JackAttack', 'ShowAnswer19.1', '', 0, 15000, 1207, 1224, 0),
('JackAttack', 'ShowAnswer19.2', '', 0, 15000, 1227, 1244, 0),
('JackAttack', 'ShowAnswer20.1', '', 0, 15000, 1247, 1264, 0),
('JackAttack', 'ShowAnswer20.2', '', 0, 15000, 1267, 1284, 0),
('JackAttack', 'ShowAnswer21.1', '', 0, 15000, 1287, 1304, 0),
('JackAttack', 'ShowAnswer21.2', '', 0, 15000, 1307, 1324, 0),
('JackAttack', 'ShowAnswer22.1', '', 0, 15000, 1327, 1344, 0),
('JackAttack', 'ShowAnswer22.2', '', 0, 15000, 1347, 1364, 0),
('JackAttack', 'ShowAnswer23.1', '', 0, 15000, 1367, 1384, 0),
('JackAttack', 'ShowAnswer23.2', '', 0, 15000, 1387, 1404, 0),
('JackAttack', 'ShowAnswer24.1', '', 0, 15000, 1407, 1424, 0),
('JackAttack', 'ShowAnswer24.2', '', 0, 15000, 1427, 1444, 0),
('JackAttack', 'ShowAnswer25.1', '', 0, 15000, 1447, 1464, 0),
('JackAttack', 'ShowAnswer25.2', '', 0, 15000, 1467, 1484, 0),
('JackAttack', 'ShowAnswer26.1', '', 0, 15000, 1487, 1504, 0),
('JackAttack', 'ShowAnswer26.2', '', 0, 15000, 1507, 1524, 0),
('JackAttack', 'ShowAnswer27.1', '', 0, 15000, 1527, 1544, 0),
('JackAttack', 'ShowAnswer27.2', '', 0, 15000, 1547, 1564, 0),
('JackAttack', 'ShowAnswer28.1', '', 0, 15000, 1567, 1584, 0),
('JackAttack', 'ShowAnswer28.2', '', 0, 15000, 1587, 1604, 0),
('JackAttack', 'ShowAnswer29.1', '', 0, 15000, 1607, 1624, 0),
('JackAttack', 'ShowAnswer29.2', '', 0, 15000, 1627, 1644, 0),
('JackAttack', 'ShowAnswer30.1', '', 0, 15000, 1647, 1664, 0),
('JackAttack', 'ShowAnswer30.2', '', 0, 15000, 1667, 1684, 0),
('JackAttack', 'ShowAnswer31.1', '', 0, 15000, 1687, 1704, 0),
('JackAttack', 'ShowAnswer31.2', '', 0, 15000, 1707, 1724, 0),
('JackAttack', 'ShowAnswer32.1', '', 0, 15000, 1727, 1744, 0),
('JackAttack', 'ShowAnswer32.2', '', 0, 15000, 1747, 1764, 0),
('JackAttack', 'ShowAnswer33.1', '', 0, 15000, 1767, 1784, 0),
('JackAttack', 'ShowAnswer33.2', '', 0, 15000, 1787, 1804, 0),
('JackAttack', 'ShowAnswer34.1', '', 0, 15000, 1807, 1824, 0),
('JackAttack', 'ShowAnswer34.2', '', 0, 15000, 1827, 1844, 0),
('JackAttack', 'ShowAnswer35.1', '', 0, 15000, 1847, 1864, 0),
('JackAttack', 'ShowAnswer35.2', '', 0, 15000, 1867, 1884, 0),
('JackAttack', 'ShowAnswer36.1', '', 0, 15000, 1887, 1904, 0),
('JackAttack', 'ShowAnswer36.2', '', 0, 15000, 1907, 1924, 0),
('JackAttack', 'ShowAnswer37.1', '', 0, 15000, 1927, 1944, 0),
('JackAttack', 'ShowAnswer37.2', '', 0, 15000, 1947, 1964, 0),
('JackAttack', 'ShowAnswer38.1', '', 0, 15000, 1967, 1984, 0),
('JackAttack', 'ShowAnswer38.2', '', 0, 15000, 1987, 2004, 0),
('JackAttack', 'ShowAnswer39.1', '', 0, 15000, 2007, 2024, 0),
('JackAttack', 'ShowAnswer39.2', '', 0, 15000, 2027, 2044, 0),
('JackAttack', 'ShowAnswer40.1', '', 0, 15000, 2047, 2064, 0),
('JackAttack', 'ShowAnswer40.2', '', 0, 15000, 2067, 2084, 0),
('JackAttack', 'ShowAnswer41.1', '', 0, 15000, 2087, 2104, 0),
('JackAttack', 'ShowAnswer41.2', '', 0, 15000, 2107, 2124, 0),
('JackAttack', 'ShowAnswer42.1', '', 0, 15000, 2127, 2144, 0),
('JackAttack', 'ShowAnswer42.2', '', 0, 15000, 2147, 2164, 0),
('JackAttack', 'ShowAnswer43.1', '', 0, 15000, 2167, 2184, 0),
('JackAttack', 'ShowAnswer43.2', '', 0, 15000, 2187, 2204, 0),
('JackAttack', 'ShowAnswer44.1', '', 0, 15000, 2207, 2224, 0),
('JackAttack', 'ShowAnswer44.2', '', 0, 15000, 2227, 2244, 0),
('JackAttack', 'ShowAnswer45.1', '', 0, 15000, 2247, 2264, 0),
('JackAttack', 'ShowAnswer45.2', '', 0, 15000, 2267, 2284, 0),
('JackAttack', 'ShowAnswer46.1', '', 0, 15000, 2287, 2304, 0),
('JackAttack', 'ShowAnswer46.2', '', 0, 15000, 2307, 2324, 0),
('JackAttack', 'ShowAnswer47.1', '', 0, 15000, 2327, 2344, 0),
('JackAttack', 'ShowAnswer47.2', '', 0, 15000, 2347, 2364, 0),
('JackAttack', 'ShowAnswer48.1', '', 0, 15000, 2367, 2384, 0),
('JackAttack', 'ShowAnswer48.2', '', 0, 15000, 2387, 2404, 0),
('JackAttack', 'ShowAnswer49.1', '', 0, 15000, 2407, 2424, 0),
('JackAttack', 'ShowAnswer49.2', '', 0, 15000, 2427, 2443, 0),
('JackAttack', 'ShowSkipText2', '', 0, 17010, 0, NULL, 0),
('JackAttack', 'ShowSkipText3', '', 0, 17010, 9, NULL, 0),
('JackAttack', 'ShowSkipText4', '', 0, 17010, 19, NULL, 0),
('JackAttack', 'ShowSkipText5', '', 0, 17010, 29, NULL, 0),
('JackAttack', 'ShowSkipText6', '', 0, 17010, 39, NULL, 0),
('JackAttack', 'ShowSkipText7', '', 0, 17010, 49, NULL, 0),
('JackAttack', 'ShowSkipText8', '', 0, 17010, 59, NULL, 0),
('JackAttack', 'ShowSkipText9', '', 0, 17010, 69, NULL, 0),
('JackAttack', 'ShowSkipText10', '', 0, 17010, 79, NULL, 0),
('JackAttack', 'ShowSkipText11', '', 0, 17010, 89, NULL, 0),
('JackAttack', 'ShowSkipText12', '', 0, 17010, 99, NULL, 0),
('JackAttack', 'HideSkipText2', '', 0, 17010, 3, 5, 0),
('JackAttack', 'HideSkipText3', '', 0, 17010, 12, 14, 0),
('JackAttack', 'HideSkipText4', '', 0, 17010, 22, 24, 0),
('JackAttack', 'HideSkipText5', '', 0, 17010, 32, 34, 0),
('JackAttack', 'HideSkipText6', '', 0, 17010, 42, 44, 0),
('JackAttack', 'HideSkipText7', '', 0, 17010, 52, 54, 0),
('JackAttack', 'HideSkipText8', '', 0, 17010, 62, 64, 0),
('JackAttack', 'HideSkipText9', '', 0, 17010, 72, 74, 0),
('JackAttack', 'HideSkipText10', '', 0, 17010, 82, 84, 0),
('JackAttack', 'HideSkipText11', '', 0, 17010, 92, 94, 0),
('JackAttack', 'HideSkipText12', '', 0, 17010, 102, NULL, 0),
('End', 'FinalScore', '', 0, 16000, 0, NULL, 0),
('End', 'Score1of111', '', 0, 16000, 41, NULL, 0),
('End', 'Score2of111', '', 0, 16000, 45, NULL, 0),
('End', 'Score3of111', '', 0, 16000, 47, NULL, 0),
('End', 'Scores111', '', 0, 16000, 49, NULL, 0),
('End', 'Score1of12', '', 0, 16000, 59, NULL, 0),
('End', 'Score2of12', '', 0, 16000, 63, NULL, 0),
('End', 'Scores12', '', 0, 16000, 65, NULL, 0),
('End', 'Score1of21', '', 0, 16000, 72, NULL, 0),
('End', 'Score2of21', '', 0, 16000, 77, NULL, 0),
('End', 'Scores21', '', 0, 16000, 79, NULL, 0),
('End', 'Score1of3', '', 0, 16000, 88, NULL, 0),
('End', 'Score1of11', '', 0, 16000, 102, NULL, 0),
('End', 'Score2of11', '', 0, 16000, 106, NULL, 0),
('End', 'Scores11', '', 0, 16000, 108, NULL, 0),
('End', 'Score1of2', '', 0, 16000, 115, NULL, 0),
('End', 'Score1of1', '', 0, 16000, 127, NULL, 0),
('End', 'Lights', '', 0, 16000, 205, 212, 1),
('End', 'ShowJackLogo', '', 0, 18000, 0, NULL, 0),
('End', 'HideJackLogo', '', 0, 18000, 1, 6, 0),
('Question', 'Player1ShowKey', 'NumberOfPlayers', 1, 3300, 292, NULL, 0),
('Question', 'Player1Answer', 'NumberOfPlayers', 1, 3300, 307, 319, 0),
('Question', 'Player1AnswerLoop', 'NumberOfPlayers', 1, 3300, 321, 326, 1),
('Question', 'Player1Correct', 'NumberOfPlayers', 1, 3300, 328, NULL, 0),
('Question', 'Player1Wrong', 'NumberOfPlayers', 1, 3300, 354, NULL, 0),
('Question', 'Player1ShowKey', 'NumberOfPlayers', 2, 3200, 292, NULL, 0),
('Question', 'Player1Answer', 'NumberOfPlayers', 2, 3200, 307, 319, 0),
('Question', 'Player1AnswerLoop', 'NumberOfPlayers', 2, 3200, 321, 326, 1),
('Question', 'Player1Correct', 'NumberOfPlayers', 2, 3200, 328, NULL, 0),
('Question', 'Player1Wrong', 'NumberOfPlayers', 2, 3200, 354, NULL, 0),
('Question', 'Player2ShowKey', 'NumberOfPlayers', 2, 3200, 686, NULL, 0),
('Question', 'Player2Answer', 'NumberOfPlayers', 2, 3200, 701, 713, 0),
('Question', 'Player2AnswerLoop', 'NumberOfPlayers', 2, 3200, 715, 720, 1),
('Question', 'Player2Correct', 'NumberOfPlayers', 2, 3200, 722, NULL, 0),
('Question', 'Player2Wrong', 'NumberOfPlayers', 2, 3200, 748, NULL, 0),
('Gibberish', 'Intro1', 'Intro', 1, 12910, 0, NULL, 0),
('Gibberish', 'Intro1', 'Intro', 2, 12920, 0, NULL, 0),
('Gibberish', 'Intro1', 'Intro', 4, 12930, 0, NULL, 0),
('Gibberish', 'Intro1', 'Intro', 3, 12940, 0, NULL, 0),
('Gibberish', 'BGIntro', 'Intro', 1, 12910, 50, NULL, 0),
('Gibberish', 'BGIntro', 'Intro', 2, 12920, 50, NULL, 0),
('Gibberish', 'BGIntro', 'Intro', 3, 12930, 50, NULL, 0),
('Gibberish', 'BGIntro', 'Intro', 4, 12940, 50, NULL, 0),
('Gibberish', 'TimerComesIn', 'CategoryNumber', 1, 12905, 4, NULL, 0),
('Gibberish', 'TimerComesIn', 'CategoryNumber', 2, 12906, 4, NULL, 0),
('Gibberish', 'TimerDance', 'CategoryNumber', 1, 12905, 24, 319, 1),
('Gibberish', 'TimerDance', 'CategoryNumber', 2, 12906, 24, 319, 1),
('Gibberish', 'Intro2', 'Intro', 1, 12910, 25, NULL, 0),
('Gibberish', 'Intro2', 'Intro', 2, 12920, 25, NULL, 0),
('Gibberish', 'Intro2', 'Intro', 4, 12930, 25, NULL, 0),
('Gibberish', 'Intro2', 'Intro', 3, 12940, 25, NULL, 0),
('Gibberish', 'AnnounceValue', 'QuestionValue', 5000, 11050, 14, NULL, 0),
('Gibberish', 'AnnounceValue', 'QuestionValue', 10000, 11100, 14, NULL, 0),
('Gibberish', 'HideValue', 'QuestionValue', 5000, 11050, 35, NULL, 0),
('Gibberish', 'HideValue', 'QuestionValue', 10000, 11100, 35, NULL, 0),
('Question', 'ShowCategory', 'QuestionValue', 1000, 11000, 0, NULL, 0),
('Question', 'ShowCategory', 'QuestionValue', 3000, 11030, 0, NULL, 0),
('Gibberish', 'ShowCategory', 'QuestionValue', 5000, 11050, 0, NULL, 0),
('Gibberish', 'ShowCategory', 'QuestionValue', 10000, 11100, 0, NULL, 0),
('Gibberish', 'ShowHeader', '', 0, 13000, 21, 30, 0),
('Gibberish', 'ShowPrice', '', 0, 13000, 49, NULL, 0),
('Gibberish', 'ShowRules', '', 0, 13000, 63, NULL, 0),
('Gibberish', 'HideRules', '', 0, 13000, 71, 77, 0),
('Gibberish', 'ShowQuestion', '', 0, 13000, 84, NULL, 0),
('Gibberish', 'ShowHint1', '', 0, 13000, 92, NULL, 0),
('Gibberish', 'ShowHint2', '', 0, 13000, 97, NULL, 0),
('Gibberish', 'ShowHint3', '', 0, 13000, 102, NULL, 0),
('Gibberish', 'TextFrameShow', '', 0, 13000, 107, NULL, 0),
('Gibberish', 'TextFrameEnter', '', 0, 13000, 127, NULL, 0),
('Gibberish', 'TextFrameWrong', '', 0, 13000, 134, 142, 0),
('Gibberish', 'TextFrameCorrect', '', 0, 13000, 143, NULL, 0),
('Gibberish', 'TimerStop', 'CategoryNumber', 1, 12905, 17, NULL, 0),
('Gibberish', 'TimerStop', 'CategoryNumber', 2, 12906, 17, NULL, 0),
('Gibberish', 'ShowAnswerTyping', '', 0, 13000, 150, NULL, 0),
('Gibberish', 'ShowAnswerTextFrame', '', 0, 13000, 156, NULL, 0),
('Question', 'BGQuestion1', 'QuestionNumber', 11, -1110, 63, NULL, 0),
('Question', 'BGQuestion1', 'QuestionNumber', 12, -1120, 59, NULL, 0),
('Question', 'BGQuestion1', 'QuestionNumber', 13, -1130, 64, NULL, 0),
('Question', 'BGQuestion1', 'QuestionNumber', 14, -1140, 64, NULL, 0),
('Question', 'BGQuestion1', 'QuestionNumber', 15, -1150, 61, NULL, 0),
('Question', 'BGQuestion1', 'QuestionNumber', 16, -1160, 56, NULL, 0),
('Question', 'BGQuestion1', 'QuestionNumber', 17, -1170, 63, NULL, 0),
('Question', 'BGQuestion1', 'QuestionNumber', 18, -1180, 68, NULL, 0),
('Question', 'BGQuestion1', 'QuestionNumber', 19, -1190, 59, NULL, 0),
('Question', 'BGQuestion1', 'QuestionNumber', 20, -1200, 62, NULL, 0),
('Question', 'BGQuestion2', 'QuestionNumber', 11, -2110, 54, NULL, 0),
('Question', 'JingleQuestion1', 'QuestionNumber', 13, -1130, 0, NULL, 0),
('Question', 'BGQuestion2', 'QuestionNumber', 12, -2120, 58, NULL, 0),
('Question', 'JingleQuestion1', 'QuestionNumber', 12, -1120, 0, NULL, 0),
('Question', 'JingleQuestion1', 'QuestionNumber', 11, -1110, 0, NULL, 0),
('Question', 'BGQuestion2', 'QuestionNumber', 13, -2130, 65, NULL, 0),
('Question', 'BGQuestion2', 'QuestionNumber', 14, -2140, 55, NULL, 0),
('Question', 'BGQuestion2', 'QuestionNumber', 15, -2150, 59, NULL, 0),
('Question', 'BGQuestion2', 'QuestionNumber', 16, -2160, 53, NULL, 0),
('Question', 'BGQuestion2', 'QuestionNumber', 17, -2170, 55, NULL, 0),
('Question', 'BGQuestion2', 'QuestionNumber', 18, -2180, 55, NULL, 0),
('Question', 'BGQuestion2', 'QuestionNumber', 19, -2190, 55, NULL, 0),
('Question', 'BGQuestion2', 'QuestionNumber', 20, -2200, 63, NULL, 0),
('Question', 'JingleQuestion1', 'QuestionNumber', 14, -1140, 0, NULL, 0),
('Question', 'JingleQuestion1', 'QuestionNumber', 15, -1150, 0, NULL, 0),
('Question', 'JingleQuestion1', 'QuestionNumber', 16, -1160, 0, NULL, 0),
('Question', 'JingleQuestion1', 'QuestionNumber', 17, -1170, 0, NULL, 0),
('Question', 'JingleQuestion1', 'QuestionNumber', 18, -1180, 0, NULL, 0),
('Question', 'JingleQuestion1', 'QuestionNumber', 19, -1190, 0, NULL, 0),
('Question', 'JingleQuestion1', 'QuestionNumber', 20, -1200, 0, NULL, 0),
('Question', 'JingleQuestion2', 'QuestionNumber', 11, -2110, 0, NULL, 0),
('Question', 'JingleQuestion2', 'QuestionNumber', 12, -2120, 0, NULL, 0),
('Question', 'JingleQuestion2', 'QuestionNumber', 13, -2130, 0, NULL, 0),
('Question', 'JingleQuestion2', 'QuestionNumber', 14, -2140, 0, NULL, 0),
('Question', 'JingleQuestion2', 'QuestionNumber', 15, -2150, 0, NULL, 0),
('Question', 'JingleQuestion2', 'QuestionNumber', 16, -2160, 0, NULL, 0),
('Question', 'JingleQuestion2', 'QuestionNumber', 17, -2170, 0, NULL, 0),
('Question', 'JingleQuestion2', 'QuestionNumber', 18, -2180, 0, NULL, 0),
('Question', 'JingleQuestion2', 'QuestionNumber', 19, -2190, 0, NULL, 0),
('Question', 'JingleQuestion2', 'QuestionNumber', 20, -2200, 0, NULL, 0),
('Intro', 'ShowRound1.1', '', 0, 8100, 0, NULL, 0),
('Intro', 'ShowRound1.2', '', 0, 8101, 0, NULL, 0),
('Intro', 'ShowRound1.3', '', 0, 8102, 0, NULL, 0),
('Intro', 'TiltRound1.1', '', 0, 8100, 12, NULL, 0),
('Intro', 'TiltRound1.2', '', 0, 8101, 18, NULL, 0),
('Intro', 'TiltRound1.3', '', 0, 8102, 27, NULL, 0),
('R1WrapUp', 'ShowRound2.1', '', 0, 8200, 0, NULL, 0),
('R1WrapUp', 'ShowRound2.2', '', 0, 8201, 0, NULL, 0),
('R1WrapUp', 'ShowRound2.3', '', 0, 8202, 0, NULL, 0),
('R1WrapUp', 'ShowPlayer1', 'NumberOfPlayers', 1, 3100, 0, NULL, 0),
('R1WrapUp', 'ShowPlayer1', 'NumberOfPlayers', 2, 3100, 15, NULL, 0),
('R1WrapUp', 'ShowPlayer2', 'NumberOfPlayers', 2, 3100, 70, NULL, 0),
('R1WrapUp', 'ShowPlayer1', 'NumberOfPlayers', 3, 3100, 130, NULL, 0),
('R1WrapUp', 'ShowPlayer2', 'NumberOfPlayers', 3, 3100, 182, NULL, 0),
('R1WrapUp', 'ShowPlayer3', 'NumberOfPlayers', 3, 3100, 234, NULL, 0),
('Question', 'TimerComesIn', 'CategoryNumber', 2, 8019, 2, NULL, 0),
('Question', 'PrepareTimer', 'CategoryNumber', 2, 8018, 36, NULL, 0),
('Question', 'HideValue', 'QuestionValue', 4000, 11040, 35, NULL, 0),
('Question', 'AnnounceValue', 'QuestionValue', 4000, 11040, 14, NULL, 0),
('Question', 'ShowCategory', 'QuestionValue', 4000, 11040, 0, NULL, 0),
('Question', 'ShowCategory', 'QuestionValue', 6000, 11060, 0, NULL, 0),
('Question', 'AnnounceValue', 'QuestionValue', 6000, 11060, 14, NULL, 0),
('Question', 'HideValue', 'QuestionValue', 6000, 11060, 35, NULL, 0),
('DisOrDat', 'TimerComesIn', 'CategoryNumber', 2, 8042, 5, NULL, 0),
('DisOrDat', 'PrepareTimer', 'CategoryNumber', 2, 8021, 50, NULL, 0);

-- --------------------------------------------------------

--
-- Structure de la table `resfiles`
--

DROP TABLE IF EXISTS `resfiles`;
CREATE TABLE `resfiles` (
  `resid` int(7) NOT NULL,
  `filename` varchar(40) NOT NULL
) ENGINE=MyISAM DEFAULT CHARSET=utf8;

--
-- Contenu de la table `resfiles`
--

INSERT INTO `resfiles` (`resid`, `filename`) VALUES
(-3060, 'QNUMBERS/off4/-3060'),
(-3050, 'QNUMBERS/off4/-3050'),
(-3040, 'QNUMBERS/off4/-3040'),
(-3030, 'QNUMBERS/off4/-3030'),
(-3020, 'QNUMBERS/off4/-3020'),
(-3010, 'QNUMBERS/off4/-3010'),
(-2200, 'QNUMBERS/off4/-2200'),
(-2190, 'QNUMBERS/off4/-2190'),
(-2180, 'QNUMBERS/off4/-2180'),
(-2170, 'QNUMBERS/off4/-2170'),
(-2160, 'QNUMBERS/off4/-2160'),
(-2150, 'QNUMBERS/off4/-2150'),
(-2140, 'QNUMBERS/off4/-2140'),
(-2130, 'QNUMBERS/off4/-2130'),
(-2120, 'QNUMBERS/off4/-2120'),
(-2110, 'QNUMBERS/off4/-2110'),
(-2100, 'QNUMBERS/off4/-2100'),
(-2090, 'QNUMBERS/off4/-2090'),
(-2080, 'QNUMBERS/off4/-2080'),
(-2070, 'QNUMBERS/off4/-2070'),
(-2060, 'QNUMBERS/off4/-2060'),
(-2050, 'QNUMBERS/off4/-2050'),
(-2040, 'QNUMBERS/off4/-2040'),
(-2030, 'QNUMBERS/off4/-2030'),
(-2020, 'QNUMBERS/off4/-2020'),
(-2010, 'QNUMBERS/off4/-2010'),
(-1200, 'QNUMBERS/off4/-1200'),
(-1190, 'QNUMBERS/off4/-1190'),
(-1180, 'QNUMBERS/off4/-1180'),
(-1170, 'QNUMBERS/off4/-1170'),
(-1160, 'QNUMBERS/off4/-1160'),
(-1150, 'QNUMBERS/off4/-1150'),
(-1140, 'QNUMBERS/off4/-1140'),
(-1130, 'QNUMBERS/off4/-1130'),
(-1120, 'QNUMBERS/off4/-1120'),
(-1110, 'QNUMBERS/off4/-1110'),
(-1100, 'QNUMBERS/off4/-1100'),
(-1090, 'QNUMBERS/off4/-1090'),
(-1080, 'QNUMBERS/off4/-1080'),
(-1070, 'QNUMBERS/off4/-1070'),
(-1060, 'QNUMBERS/off4/-1060'),
(-1050, 'QNUMBERS/off4/-1050'),
(-1040, 'QNUMBERS/off4/-1040'),
(-1030, 'QNUMBERS/off4/-1030'),
(-1020, 'QNUMBERS/off4/-1020'),
(-1010, 'QNUMBERS/off4/-1010'),
(3000, 'JACKART/off4/3000'),
(3100, 'R1WRAPUP/off4/3100'),
(3200, 'JACKART/off4/3200'),
(3300, 'JACKART/off4/3300'),
(3500, 'TITLE/off4/3500'),
(8009, 'JACKART/off4/8009'),
(8012, 'JACKART/off4/8012'),
(8013, 'JACKART/off4/8013'),
(8014, 'JACKART/off4/8014'),
(8015, 'JACKART/off4/8015'),
(8016, 'JACKART/off4/8016'),
(8017, 'JACKART/off4/8017'),
(8018, '10TIMER/off4/8018'),
(8019, 'JACKART/off4/8019'),
(8020, 'JACKART/off4/8020'),
(8021, '30TIMER/off4/8021'),
(8031, 'GIBBER/off4/8031'),
(8032, 'GIBBER/off4/8032'),
(8041, 'DISORDAT/off4/8041'),
(8042, 'DISORDAT/off4/8042'),
(8100, 'TITLE/off4/8100'),
(8101, 'TITLE/off4/8101'),
(8102, 'TITLE/off4/8102'),
(8200, 'R1WRAPUP/off4/8200'),
(8201, 'R1WRAPUP/off4/8201'),
(8202, 'R1WRAPUP/off4/8202'),
(8300, 'JATTACK2/off4/8300'),
(8301, 'JATTACK2/off4/8301'),
(8310, 'JATTACK2/off4/8310'),
(8311, 'JATTACK2/off4/8311'),
(8320, 'JATTACK2/off4/8320'),
(8321, 'JATTACK2/off4/8321'),
(8400, 'TITLE/off4/8400'),
(8401, 'TITLE/off4/8401'),
(8402, 'TITLE/off4/8402'),
(8403, 'TITLE/off4/8403'),
(8410, 'TITLE/off4/8410'),
(9000, 'INTRO1/off4/9000'),
(9001, 'INTRO1/off4/9001'),
(9002, 'INTRO1/off4/9002'),
(10000, 'JACKART/off4/10000'),
(10001, 'JACKART/off4/10001'),
(10002, 'JACKART/off4/10002'),
(10500, 'JACKART/off4/10500'),
(10501, 'JACKART/off4/10501'),
(11000, 'JACKART/off4/11000'),
(11020, 'JACKART/off4/11020'),
(11030, 'JACKART/off4/11030'),
(11040, 'JACKART/off4/11040'),
(11050, 'JACKART/off4/11050'),
(11060, 'JACKART/off4/11060'),
(11100, 'JACKART/off4/11100'),
(12000, 'JACKART/off4/12000'),
(12905, 'GIBBER/off4/12905'),
(12906, 'GIBBER/off4/12906'),
(12910, 'GIBBER/off4/12910'),
(12920, 'GIBBER/off4/12920'),
(12930, 'GIBBER/off4/12930'),
(12940, 'GIBBER/off4/12940'),
(13000, 'GIBBER/off4/13000'),
(14000, 'DISORDAT/off4/14000'),
(14690, 'DDBUMPER/off4/14690'),
(14900, 'DISORDAT/off4/14900'),
(14930, 'DISORDAT/off4/14930'),
(14950, 'DISORDAT/off4/14950'),
(15000, 'JATTACK2/off4/15000'),
(16000, 'ENDGAME/off4/16000'),
(17000, 'JACKART/off4/17000'),
(17010, 'JATTACK1/off4/17010'),
(18000, 'CREDITS/off4/18000'),
(19000, 'SHORTVAR/off4/19000'),
(19001, 'JATTACK2/off4/19001'),
(20000, 'SHORTVAR/off4/20000'),
(21000, 'SHORTVAR/off4/21000'),
(23000, 'HISCORES/off4/23000');

-- --------------------------------------------------------

--
-- Structure de la table `ressnd`
--

DROP TABLE IF EXISTS `ressnd`;
CREATE TABLE `ressnd` (
  `grp` varchar(16) NOT NULL,
  `name` varchar(64) NOT NULL,
  `variantType` varchar(32) NOT NULL,
  `variantValue` int(7) NOT NULL,
  `resfolder` varchar(64) NOT NULL,
  `val` varchar(256) NOT NULL DEFAULT '1',
  `loopsnd` tinyint(1) NOT NULL DEFAULT '0'
) ENGINE=MyISAM DEFAULT CHARSET=utf8;

--
-- Contenu de la table `ressnd`
--

INSERT INTO `ressnd` (`grp`, `name`, `variantType`, `variantValue`, `resfolder`, `val`, `loopsnd`) VALUES
('Intro', 'MusicJack1st', '', 0, 'TITLE/Mh22', '1', 0),
('Intro', 'IntroJackTitle', '', 0, 'TITLE/Mh50', '1', 0),
('Intro', 'IntroPreTitle', '', 0, 'TITLE/Mh20', '1', 0),
('Intro', 'MusicJack', '', 0, 'TITLE/Mh23', '2', 1),
('Intro', 'SFXBang', '', 0, 'TITLE/Mh21', '1', 0),
('Intro', 'IntroJackSound', '', 0, 'TITLE/Mh51', '1,2,3,4', 0),
('Category', 'ChooseCategoryPlayer1', 'PlayerSolo', 0, 'JACKSND1/Mc02', '1,2,3,4,5,6,7', 0),
('Category', 'ChooseCategoryPlayer1', 'PlayerSolo', 1, 'JACKSND1/Mc01', '1,2,3,4,5,6,7,8,9,10', 0),
('Category', 'ChooseCategoryPlayer2', 'PlayerSolo', 0, 'JACKSND1/Mc03', '1,2,3,4,5,6,7', 0),
('Category', 'ChooseCategoryPlayer3', 'PlayerSolo', 0, 'JACKSND1/Mc04', '1,6', 0),
('Category', 'ChooseCategoryTimeOut', '', 0, 'JACKSND1/Mc05', '1,2,3,4,5,6,7,8,9,10,11,12,13,14,15,16,17,18,19,20,21,22', 0),
('Category', 'MusicChooseCategoryLoop', '', 0, 'GROOVES/GROOVE%/Mj19', '1', 1),
('Category', 'MusicChooseCategoryStart', '', 0, 'GROOVES/GROOVE%/Mj18', '1', 0),
('Question', 'JingleQuestion2', 'QuestionNumber', 1, 'QNUMBERS/snd', '1003', 0),
('Question', 'JingleQuestion2', 'QuestionNumber', 2, 'QNUMBERS/snd', '2003', 0),
('Question', 'JingleQuestion2', 'QuestionNumber', 3, 'QNUMBERS/snd', '3003', 0),
('Category', 'SFXChoiceCategory', '', 0, 'JACKSND1/Mj22', '1', 0),
('Category', 'SFXShowCategories', '', 0, 'JACKSND1/Mj21', '1', 0),
('Category', 'SFXShowCategoryScreen', '', 0, 'JACKSND1/Mj23', '1', 0),
('Category', 'SFXUnknown', '', 0, 'JACKSND1/Mj24', '1', 0),
('Category', 'SFXTimeOut', '', 0, 'JACKSND1/Mc97', '1', 0),
('Question', 'AnnounceCategory', '', 0, 'JACKSND1/Mc08', '1,2,3,4,5,6,7,8,9,10,11,12,13,14,15,16,17,18,19,20,21,22,23,24,25,26,27,28,29,30,31,32,33,34,35,36,37,38,39,40,41,42,43,44,45,46,47,48,49,50,51,52,53,54,55,56,57,58,59', 0),
('Question', 'AnnounceFreeAnswer', '', 0, 'JACKSND1/Mc55', '3,4,5,6', 0),
('Question', 'VoiceAnnounceValue', 'QuestionValue', 1000, 'JACKSND1/Mc09', '1,2,3,4,5,6,7,8,9,10,11,12,13,14,15,16,17,18,19,20', 0),
('Question', 'VoiceAnnounceValue', 'QuestionValue', 2000, 'JACKSND1/Mc10', '1,2,3,4,5,6,7,8,9,10,11,12,13,14,15', 0),
('Question', 'VoiceAnnounceValue', 'QuestionValue', 3000, 'JACKSND1/Mc11', '1,2,3,4,5,6,7,8,9,10,11,12,13,14,15', 0),
('Question', 'DefaultPreQuestion', '', 0, 'JACKSND1/Mc15', '1,2,3,4,5,6,7,8,9,10,11,12,13,14,15,16,17,18,19,20', 0),
('Question', 'DefaultRevealAnswer', '', 0, 'JACKSND1/Mc28', '1,2,3,4,5,6,7,8,9', 0),
('Question', 'DefaultRevealLastAnswer', '', 0, 'JACKSND1/Mc57', '1,2,3,4,5,6,7,8,9,11,12', 0),
('Question', 'DefaultRevealFreeAnswer', '', 0, 'JACKSND1/Mc00', '1,2,3', 0),
('Question', 'DefaultWrongAnswer', '', 0, 'JACKSND1/Mc20', '1,2,3,4,5,6,7,8,9,11,12,13,14,15,16,17,18,19,20,21,22,23,24', 0),
('Gibberish', 'FreeAnswerHurry2', '', 0, 'GIBBER/Md15', '1,2,3,4,5,6,7', 0),
('Gibberish', 'FreeAnswerPlayer1', 'PlayerSolo', 0, 'GIBBER/Md11', '1,2,3,4', 0),
('Gibberish', 'FreeAnswerPlayer2', 'PlayerSolo', 0, 'GIBBER/Md12', '1,2,3', 0),
('Gibberish', 'FreeAnswerPlayer3', 'PlayerSolo', 0, 'GIBBER/Md13', '1,2,3', 0),
('Gibberish', 'FreeAnswerHurry1', '', 0, 'GIBBER/Md14', '1,2,3,4', 0),
('Gibberish', 'FreeAnswerTimeOut', '', 0, 'GIBBER/Md16', '1,2,3,4,5,6,7,8,9,10,11,12', 0),
('Question', 'JingleReadQuestion', '', 0, 'JACKSND1/Mc70', '1,2,3,4,5,6', 1),
('Question', 'JingleTimer', '', 0, 'JACKSND1/Mc71', '1,2,3,4,5,6', 0),
('Question', 'LastPlayer1', 'PlayerSolo', 0, 'JACKSND1/Mc21', '1,2,3', 0),
('Question', 'LastPlayer2', 'PlayerSolo', 0, 'JACKSND1/Mc22', '1,2,3', 0),
('Question', 'LastPlayer3', 'NumberOfPlayers', 3, 'JACKSND1/Mc23', '1,2,3', 0),
('Question', 'LastPlayers12', 'NumberOfPlayers', 3, 'JACKSND1/Mc24', '1,2,3', 0),
('Question', 'LastPlayers13', 'NumberOfPlayers', 3, 'JACKSND1/Mc25', '1,2,3', 0),
('Question', 'LastPlayers23', 'NumberOfPlayers', 3, 'JACKSND1/Mc26', '1,2,3', 0),
('Question', 'Player1Buzzed', 'PlayerSolo', 0, 'JACKSND1/Mc17', '1,2,3', 0),
('Question', 'Player2Buzzed', 'PlayerSolo', 0, 'JACKSND1/Mc18', '1,2,3', 0),
('Question', 'Player3Buzzed', 'PlayerSolo', 0, 'JACKSND1/Mc19', '1,2,3', 0),
('Question', 'Player1Buzzed', 'PlayerSolo', 1, 'JACKSND1/Mc16', '1,3', 0),
('Question', 'PlayerBuzzedTooFastCorrect', '', 0, 'JACKSND1/Mc56', '1,2', 0),
('Question', 'Player1BuzzedTooFast', 'PlayerSolo', 0, 'JACKSND1/Mc50', '1,2', 0),
('Question', 'Player2BuzzedTooFast', 'PlayerSolo', 0, 'JACKSND1/Mc51', '1,2', 0),
('Question', 'Player3BuzzedTooFast', 'PlayerSolo', 0, 'JACKSND1/Mc52', '1,2', 0),
('Question', 'Player1BuzzedTooFast', 'PlayerSolo', 1, 'JACKSND1/Mc49', '1,2', 0),
('Question', 'PlayerBuzzedTooFastWrong', '', 0, 'JACKSND1/Mc59', '1,2,3,4', 0),
('Question', 'PlayerMissKey1', '', 0, 'JACKSND1/Mc58', '1,2,3,4,5,6,7,8', 0),
('Question', 'PlayerMissKey2', '', 0, 'JACKSND1/Mc60', '1,2,3,4,6,7', 0),
('Question', 'PlayerScrewedKeptHisScrew', '', 0, 'JACKSND1/Mc53', '1,2', 0),
('Question', 'SFXPlayerAnswer', '', 0, 'JACKSND1/Mc94', '1', 0),
('Question', 'SFXPlayerBuzz', '', 0, 'JACKSND1/Mc82', '1', 0),
('Question', 'SFXPlayerBuzzedTooFast', '', 0, 'JACKSND1/Mc88', '1', 0),
('Question', 'SFXPlayerCorrect', '', 0, 'JACKSND1/Mc93', '1', 0),
('Question', 'SFXPlayerKey', '', 0, 'JACKSND1/Mc87', '1', 0),
('Question', 'SFXWrongAnswer', '', 0, 'JACKSND1/Mc92', '1,2,3,4,5', 0),
('Question', 'SFXPlayerLose', '', 0, 'JACKSND1/Mc96', '1', 0),
('Question', 'SFXPrepareTimer', '', 0, 'JACKSND1/Mc99', '1', 0),
('Question', 'SFXRevealAnswer', '', 0, 'JACKSND1/Mc95', '1,2,3,4,5,6', 0),
('Question', 'SFXRevealFreeAnswer', '', 0, 'JACKSND1/Mc79', '1', 0),
('Question', 'SFXShowQuestion', '', 0, 'JACKSND1/Mc80', '1', 0),
('Question', 'SFXTimerComesIn', '', 0, 'JACKSND1/Mc98', '1', 0),
('Question', 'TimerTimeOut', '', 0, 'JACKSND1/Mc06', '1', 0),
('Question', 'SFXTypingBack', '', 0, 'JACKSND1/Mc91', '1', 0),
('Question', 'SFXTypingHeartBeat', '', 0, 'JACKSND1/Mc90', '1', 0),
('Question', 'SFXTypingKey', '', 0, 'JACKSND1/Mc89', '1', 0),
('Question', 'SFXUnknownBoing2', '', 0, 'JACKSND1/Mc81', '1,2,3', 0),
('Question', 'TimeOut', '', 0, 'JACKSND1/Mc29', '1,2,3,4,5,6,7,8,9,10,11,12', 0),
('Question', 'DefaultGoodAnswer', '', 0, 'JACKSND1/Mc27', '1,2,3,4,5,6,8,9,10,11,12,13,14,15,16', 0),
('DisOrDat', 'AnnounceCategory', '', 0, 'DDSND/Mb54', '1,2,3', 0),
('DisOrDat', 'BadScoreSoFar', '', 0, 'DDGAMESD/Mb25', '1,2,3', 0),
('DisOrDat', 'CannotSkipLast', '', 0, 'DDGAMESD/Mb21', '1,2,3', 0),
('DisOrDat', 'ChoicePlayer1Only', '', 0, 'DDSND/Mb99', '1,2,3,4,5,7,9,11,13,15,17,19', 0),
('DisOrDat', 'ChoicePlayer1', 'NumberOfPlayers', 1, 'DDSND/Mb01', '1,2,3', 0),
('DisOrDat', 'ChoicePlayer1', 'NumberOfPlayers', 2, 'DDSND/Mb05', '1,2', 0),
('DisOrDat', 'ChoicePlayer1', 'NumberOfPlayers', 3, 'DDSND/Mb02', '1,2', 0),
('DisOrDat', 'ChoicePlayer2Only', '', 0, 'DDSND/Mb00', '1,2,3,4,5', 0),
('DisOrDat', 'ChoicePlayer2', 'NumberOfPlayers', 2, 'DDSND/Mb06', '1,2', 0),
('DisOrDat', 'ChoicePlayer2', 'NumberOfPlayers', 3, 'DDSND/Mb03', '1,2', 0),
('DisOrDat', 'ChoicePlayer3Only', '', 0, 'DDSND/Mb55', '1,2,3,4,5', 0),
('DisOrDat', 'ChoicePlayer3', 'NumberOfPlayers', 3, 'DDSND/Mb04', '1,2', 0),
('DisOrDat', 'GameStart', '', 0, 'DDSND/Mb15', '1,2,3,4', 0),
('DisOrDat', 'JingleStartPlay1', '', 0, 'DDSND/Mb81', '1', 0),
('DisOrDat', 'JingleStartPlay2', '', 0, 'DDSND/Mb73', '1', 0),
('DisOrDat', 'LastQuestionAnnounce', '', 0, 'DDGAMESD/Mb24', '1,2', 0),
('DisOrDat', 'LastQuestionHurryUp', '', 0, 'DDSND/Mb19', '1,2,3', 0),
('DisOrDat', 'Intro', '', 0, 'DDSND/Mb70', '1', 0),
('DisOrDat', 'MusicLoopPlay1', '', 0, 'DDSND/Mb74', '1', 0),
('DisOrDat', 'MusicLoopPlay2', '', 0, 'DDSND/Mb75', '1', 0),
('DisOrDat', 'MusicLoopPlay3', '', 0, 'DDSND/Mb76', '1', 0),
('DisOrDat', 'MusicLoopPlay4', '', 0, 'DDSND/Mb77', '1', 0),
('DisOrDat', 'MusicLoopRules1', '', 0, 'DDSND/Mb71', '1', 1),
('DisOrDat', 'MusicLoopRules2', '', 0, 'DDSND/Mb72', '1', 1),
('DisOrDat', 'MusicLoopScore', '', 0, 'DDSND/Mb80', '1', 1),
('DisOrDat', 'MusicEndTimeOut', '', 0, 'DDSND/Mb78', '1', 0),
('DisOrDat', 'MusicPlayEnd', '', 0, 'DDSND/Mb79', '1', 0),
('DisOrDat', 'AnnounceTimer', '', 0, 'DDSND/Mb14', '1,2,3,4', 0),
('DisOrDat', 'Public0on71', '', 0, 'DDSND/Mp33', '1', 0),
('DisOrDat', 'Public0on72', '', 0, 'DDSND/Mp34', '1', 0),
('DisOrDat', 'Public0on73', '', 0, 'DDSND/Mp35', '1', 0),
('DisOrDat', 'Public7on71', '', 0, 'DDSND/Mp30', '1', 0),
('DisOrDat', 'Public7on72', '', 0, 'DDSND/Mp31', '1', 0),
('DisOrDat', 'Public7on73', '', 0, 'DDSND/Mp32', '1', 0),
('DisOrDat', 'QuestionSkipped', '', 0, 'DDGAMESD/Mb20', '1,2', 0),
('DisOrDat', 'RestartSkipped1', '', 0, 'DDGAMESD/Mb22', '1,2,3', 0),
('DisOrDat', 'RestartSkipped2', '', 0, 'DDGAMESD/Mb23', '1,2,3', 0),
('DisOrDat', 'RulesExplainCorrect', 'QuestionValue', 1000, 'DDSND/Mb12', '1,2,4', 0),
('DisOrDat', 'RulesExplainWrong', 'QuestionValue', 1000, 'DDSND/Mb13', '1,2,3,4', 0),
('DisOrDat', 'RulesExplainCorrect', 'QuestionValue', 500, 'DDSND/Mb10', '1,2,3,4,5', 0),
('DisOrDat', 'RulesExplainWrong', 'QuestionValue', 500, 'DDSND/Mb11', '1,2,3', 0),
('DisOrDat', 'RulesExplainBoth', '', 0, 'DDSND/Mb07', '1,2,3,4', 0),
('DisOrDat', 'RulesExplainSkip', '', 0, 'DDSND/Mb08', '1,2,3,4,5', 0),
('DisOrDat', 'RulesSkipExplain', '', 0, 'DDSND/Mb09', '1,2,3', 0),
('DisOrDat', 'SFXCorrect', '', 0, 'DDSND/Mb84', '1', 0),
('DisOrDat', 'SFXHidePrice', '', 0, 'DDSND/Mb90', '1', 0),
('DisOrDat', 'SFXKeyPress', '', 0, 'DDSND/Mb82', '1', 0),
('DisOrDat', 'SFXKeyPress2', '', 0, 'DDSND/Mb83', '1', 0),
('DisOrDat', 'SFXPrepareTimer', '', 0, 'DDSND/Mb91', '1', 0),
('DisOrDat', 'SFXShowKey', '', 0, 'DDSND/Mb95', '1', 0),
('DisOrDat', 'SFXShowPriceCorrect', '', 0, 'DDSND/Mb88', '1', 0),
('DisOrDat', 'SFXShowPriceWrong', '', 0, 'DDSND/Mb89', '1', 0),
('DisOrDat', 'SFXTimeOut1', '', 0, 'DDSND/Mb86', '1', 0),
('DisOrDat', 'SFXTimeOut2', '', 0, 'DDSND/Mb87', '1', 0),
('DisOrDat', 'SFXWrong', '', 0, 'DDSND/Mb85', '1', 0),
('DisOrDat', 'Score10on7', '', 0, 'DDSND/Mp28', '1,2,3,4', 0),
('DisOrDat', 'Score11on7', '', 0, 'DDSND/Mp26', '1,2,3,4', 0),
('DisOrDat', 'Score12on7', '', 0, 'DDSND/Mp24', '1,2,3,4', 0),
('DisOrDat', 'Score13on7', '', 0, 'DDSND/Mp22', '1,2,3,4', 0),
('DisOrDat', 'Score14on7', '', 0, 'DDSND/Mp20', '1,2,3,4', 0),
('DisOrDat', 'Score15on7', '', 0, 'DDSND/Mp18', '1,2,3,4', 0),
('DisOrDat', 'Score16on7', '', 0, 'DDSND/Mp16', '1,2,3,4', 0),
('DisOrDat', 'Score17on7', '', 0, 'DDSND/Mp14', '1,2,3,4', 0),
('DisOrDat', 'Score20on7', '', 0, 'DDSND/Mp29', '1,2,3,4', 0),
('DisOrDat', 'Score21on7', '', 0, 'DDSND/Mp27', '1,2,3,4', 0),
('DisOrDat', 'Score22on7', '', 0, 'DDSND/Mp25', '1,2,3,4', 0),
('DisOrDat', 'Score23on7', '', 0, 'DDSND/Mp23', '1,2,3,4', 0),
('DisOrDat', 'Score24on7', '', 0, 'DDSND/Mp21', '1,2,3,4', 0),
('DisOrDat', 'Score25on7', '', 0, 'DDSND/Mp19', '1,2,3,4', 0),
('DisOrDat', 'Score26on7', '', 0, 'DDSND/Mp17', '1,2,3,4', 0),
('DisOrDat', 'Score27on7', '', 0, 'DDSND/Mp15', '1,2,3,4', 0),
('DisOrDat', 'Score34on7', '', 0, 'DDSND/Mp09', '1,2,3,4', 0),
('DisOrDat', 'Score36on7', '', 0, 'DDSND/Mp07', '1,2,3,5', 0),
('DisOrDat', 'Score3Positive', '', 0, 'DDSND/Mp06', '1,2,3,4,5', 0),
('DisOrDat', 'Score30on7', '', 0, 'DDSND/Mp13', '1,2,3,4', 0),
('DisOrDat', 'Score35on7', '', 0, 'DDSND/Mp08', '1,2,3,4', 0),
('DisOrDat', 'Score31on7', '', 0, 'DDSND/Mp12', '1,2,3,4', 0),
('DisOrDat', 'Score32on7', '', 0, 'DDSND/Mp11', '1,2,3,4', 0),
('DisOrDat', 'Score3Negative', '', 0, 'DDSND/Mp10', '1,2,3,4', 0),
('DisOrDat', 'SFXShowSubject', '', 0, 'DDSND/Mb92', '1', 0),
('DisOrDat', 'ShowFinalScore', '', 0, 'DDSND/Mb94', '1', 0),
('DisOrDat', 'SuggestSkip1', '', 0, 'DDSND/Mb16', '1,2,3,4', 0),
('DisOrDat', 'SuggestSkip2', '', 0, 'DDSND/Mb17', '1,2,3,4,5', 0),
('DisOrDat', 'SuggestSkip3', '', 0, 'DDSND/Mb18', '1,2,3,4', 0),
('DisOrDat', 'TimeOut', '', 0, 'DDSND/Mp01', '1,2,3', 0),
('DisOrDat', 'TimeOutLoseMoreQuestions', 'QuestionValue', 1000, 'DDSND/Mp05', '1,2,3,5', 0),
('DisOrDat', 'TimeOutLoseOneQuestion', 'QuestionValue', 1000, 'DDSND/Mp04', '1,2,3', 0),
('DisOrDat', 'TimeOutLoseMoreQuestions', 'QuestionValue', 500, 'DDSND/Mp03', '1,2,3,4', 0),
('DisOrDat', 'TimeOutLoseOneQuestion', 'QuestionValue', 500, 'DDSND/Mp02', '1,2,3,4', 0),
('DisOrDat', 'TimerComesIn', '', 0, 'DDSND/Mb93', '1', 0),
('DisOrDat', 'WrongItWasBoth', '', 0, 'DDGAMESD/Mb26', '1,2,3', 0),
('DisOrDat', 'WrongKeyToSkip', '', 0, 'DDGAMESD/Mb53', '1,2,3', 0),
('End', 'HiScoreAllPlayersListEmpty', '', 0, 'CREDITS/Ml26', '1', 0),
('End', 'HiScoreAllPlayersListNotFull', '', 0, 'CREDITS/Ml29', '2,3,4,5,6,7,8', 0),
('End', 'HiScoreAllPlayersListOK', '', 0, 'CREDITS/Ml37', '2,3,4,5,6,7,8,9', 0),
('End', 'HiScoreExAequoFirst', '', 0, 'CREDITS/Ml51', '1,2,3,4,5,6,7,8,9,10', 0),
('End', 'HiScorePlayer12', '', 0, 'CREDITS/Ml55', '1,3,5,7,9', 0),
('End', 'HiScorePlayer13', '', 0, 'CREDITS/Ml57', '1,3,5,7', 0),
('End', 'HiScorePlayer1First', '', 0, 'CREDITS/Ml48', '2,3,4,5,6,7,8', 0),
('End', 'HiScorePlayer2', '', 0, 'CREDITS/Ml53', '1,2,3,4,5,6,7,8,9', 0),
('End', 'HiScorePlayer23', '', 0, 'CREDITS/Ml56', '1,3,5,7', 0),
('End', 'HiScorePlayer2First', '', 0, 'CREDITS/Ml49', '1,2,3,4,5,6,7,8,9,10', 0),
('End', 'HiScorePlayer3', '', 0, 'CREDITS/Ml54', '1,3,4,5,6,7,8,9,10', 0),
('End', 'HiScorePlayer3First', '', 0, 'CREDITS/Ml50', '1,2,3,4,5,6,7,8,9,10', 0),
('End', 'HiScorePlayer1on1', '', 0, 'CREDITS/Ml52', '1,2,3,4,5,6,7,8,9,10', 0),
('End', 'MusicHiScoreLoop', '', 0, 'CREDITS/Ml60', '1', 1),
('End', 'SFXHideScore', '', 0, 'CREDITS/Ml43', '1', 0),
('End', 'SFXShowHiScore3Times', '', 0, 'CREDITS/Ml59', '1', 0),
('End', 'SFXShowHiScoreOnce', '', 0, 'CREDITS/Ml41', '1', 0),
('End', 'SFXShowHiScoreTwice', '', 0, 'CREDITS/Ml58', '1', 0),
('End', 'SFXShowScore', '', 0, 'CREDITS/Ml42', '1', 0),
('End', 'SuggestPlayAgain', '', 0, 'CREDITS/Ml04', '1,2,3,4', 0),
('Question', 'JingleQuestion1', 'QuestionNumber', 1, 'QNUMBERS/snd', '1002', 0),
('Question', 'JingleQuestion1', 'QuestionNumber', 2, 'QNUMBERS/snd', '2002', 0),
('Question', 'JingleQuestion1', 'QuestionNumber', 3, 'QNUMBERS/snd', '3002', 0),
('Question', 'JingleQuestion3', 'QuestionNumber', 1, 'QNUMBERS/snd', '1004', 0),
('Question', 'JingleQuestion3', 'QuestionNumber', 2, 'QNUMBERS/snd', '2004', 0),
('Question', 'JingleQuestion3', 'QuestionNumber', 3, 'QNUMBERS/snd', '3004', 0),
('Question', 'JingleQuestion3', 'QuestionNumber', 6, 'QNUMBERS/snd', '6004', 0),
('Question', 'JingleQuestion2', 'QuestionNumber', 6, 'QNUMBERS/snd', '6003', 0),
('Question', 'JingleQuestion1', 'QuestionNumber', 6, 'QNUMBERS/snd', '6002', 0),
('Question', 'JingleQuestion3', 'QuestionNumber', 5, 'QNUMBERS/snd', '5004', 0),
('Question', 'JingleQuestion2', 'QuestionNumber', 5, 'QNUMBERS/snd', '5003', 0),
('Question', 'JingleQuestion1', 'QuestionNumber', 5, 'QNUMBERS/snd', '5002', 0),
('Question', 'JingleQuestion3', 'QuestionNumber', 4, 'QNUMBERS/snd', '4004', 0),
('Question', 'JingleQuestion2', 'QuestionNumber', 4, 'QNUMBERS/snd', '4003', 0),
('Question', 'JingleQuestion1', 'QuestionNumber', 4, 'QNUMBERS/snd', '4002', 0),
('Question', 'JingleQuestion1', 'QuestionNumber', 7, 'QNUMBERS/snd', '7002', 0),
('Question', 'JingleQuestion2', 'QuestionNumber', 7, 'QNUMBERS/snd', '7003', 0),
('Question', 'JingleQuestion1', 'QuestionNumber', 8, 'QNUMBERS/snd', '8002', 0),
('Question', 'JingleQuestion2', 'QuestionNumber', 8, 'QNUMBERS/snd', '8003', 0),
('Question', 'JingleQuestion1', 'QuestionNumber', 9, 'QNUMBERS/snd', '9002', 0),
('Question', 'JingleQuestion2', 'QuestionNumber', 9, 'QNUMBERS/snd', '9003', 0),
('Question', 'JingleQuestion1', 'QuestionNumber', 10, 'QNUMBERS/snd', '10002', 0),
('Question', 'JingleQuestion2', 'QuestionNumber', 10, 'QNUMBERS/snd', '10003', 0),
('Question', 'JingleQuestion1', 'QuestionNumber', 11, 'QNUMBERS/snd', '11002', 0),
('Question', 'JingleQuestion2', 'QuestionNumber', 11, 'QNUMBERS/snd', '11003', 0),
('Question', 'JingleQuestion1', 'QuestionNumber', 12, 'QNUMBERS/snd', '12002', 0),
('Question', 'JingleQuestion2', 'QuestionNumber', 12, 'QNUMBERS/snd', '12003', 0),
('Question', 'JingleQuestion1', 'QuestionNumber', 13, 'QNUMBERS/snd', '13002', 0),
('Question', 'JingleQuestion2', 'QuestionNumber', 13, 'QNUMBERS/snd', '13003', 0),
('Question', 'JingleQuestion1', 'QuestionNumber', 14, 'QNUMBERS/snd', '14002', 0),
('Question', 'JingleQuestion2', 'QuestionNumber', 14, 'QNUMBERS/snd', '14003', 0),
('Question', 'JingleQuestion1', 'QuestionNumber', 15, 'QNUMBERS/snd', '15002', 0),
('Question', 'JingleQuestion2', 'QuestionNumber', 15, 'QNUMBERS/snd', '15003', 0),
('Question', 'JingleQuestion1', 'QuestionNumber', 16, 'QNUMBERS/snd', '16002', 0),
('Question', 'JingleQuestion2', 'QuestionNumber', 16, 'QNUMBERS/snd', '16003', 0),
('Question', 'JingleQuestion1', 'QuestionNumber', 17, 'QNUMBERS/snd', '17002', 0),
('Question', 'JingleQuestion2', 'QuestionNumber', 17, 'QNUMBERS/snd', '17003', 0),
('Question', 'JingleQuestion1', 'QuestionNumber', 18, 'QNUMBERS/snd', '18002', 0),
('Question', 'JingleQuestion2', 'QuestionNumber', 18, 'QNUMBERS/snd', '18003', 0),
('Question', 'JingleQuestion1', 'QuestionNumber', 19, 'QNUMBERS/snd', '19002', 0),
('Question', 'JingleQuestion2', 'QuestionNumber', 19, 'QNUMBERS/snd', '19003', 0),
('Question', 'JingleQuestion1', 'QuestionNumber', 20, 'QNUMBERS/snd', '20002', 0),
('Question', 'JingleQuestion2', 'QuestionNumber', 20, 'QNUMBERS/snd', '20003', 0),
('Question', 'VoiceAnnounceValue', 'QuestionValue', 4000, 'JACKSND1/Mc12', '1,2,3,4,5,6', 0),
('Question', 'VoiceAnnounceValue', 'QuestionValue', 5000, 'JACKSND1/Mc13', '1,2,3,4,5,6,7,8,9,10,11,12,13', 0),
('Question', 'VoiceAnnounceValue', 'QuestionValue', 6000, 'JACKSND1/Mc14', '1,2,3,4,5,6,7,8,9,10', 0),
('DisOrDat', 'SFXScoreLose', '', 0, 'DDSND/Mb85', '2', 0),
('Intro', 'Welcome', '', 0, 'TITLE/Mh01', '1,2,3,4,5,6', 0),
('Intro', 'WelcomePlayers', 'NumberOfPlayers', 2, 'TITLE/Mh02', '1,2,3,4,5,6,7,8,9,10,11', 0),
('Intro', 'WelcomePlayers', 'NumberOfPlayers', 3, 'TITLE/Mh03', '1,2,3,4,5,6,7,8', 0),
('Intro', 'GiveScrews', '', 0, 'TITLE/Mh04', '1,2,3,4', 0),
('Intro', 'HelpScrews', '', 0, 'TITLE/Mh09', '1,2,3,4', 0),
('Intro', 'WelcomePlayers', 'NumberOfPlayers', 1, 'TITLE/Mh12', '1,2,3,4,5,6', 0),
('DisOrDat', 'SFXScoreWin', '', 0, 'DDSND/Mb84', '2', 0),
('JackAttack', 'ExplainRules', '', 0, 'JATTACK2/Me01', '1,2,3,4', 0),
('JackAttack', 'NoExplain', 'PlayerSolo', 1, 'JATTACK2/Me03', '1,2', 0),
('JackAttack', 'NoExplain', 'PlayerSolo', 0, 'JATTACK2/Me04', '1,2,3,4', 0),
('JackAttack', 'SkipRules', '', 0, 'JATTACK2/Me05', '1,2,3', 0),
('JackAttack', 'CategorySelected', '', 0, 'JATTACK2/Me10', '1', 0),
('JackAttack', 'SFXRip', '', 0, 'JATTACK2/Me11', '1', 0),
('JackAttack', 'SFXRip2', '', 0, 'JATTACK2/Me12', '1', 0),
('JackAttack', 'IntroLaunch1', '', 0, 'JATTACK2/Me13', '1', 0),
('JackAttack', 'IntroLaunch2', '', 0, 'JATTACK2/Me13', '2', 0),
('JackAttack', 'IntroLaunch3', '', 0, 'JATTACK2/Me13', '3', 0),
('JackAttack', 'IntroStart', '', 0, 'JATTACK2/Me14', '1', 0),
('JackAttack', 'IntroLoopMusic', '', 0, 'JATTACK2/Me20', '1', 1),
('JackAttack', 'SFXCorrect1', '', 0, 'JATTACK2/Me22', '1', 0),
('JackAttack', 'SFXCorrect2', '', 0, 'JATTACK2/Me22', '2', 0),
('JackAttack', 'SFXCorrect3', '', 0, 'JATTACK2/Me22', '3', 0),
('JackAttack', 'SFXCorrect4', '', 0, 'JATTACK2/Me22', '4', 0),
('JackAttack', 'SFXCorrect5', '', 0, 'JATTACK2/Me22', '5', 0),
('JackAttack', 'SFXCorrect6', '', 0, 'JATTACK2/Me22', '6', 0),
('JackAttack', 'SFXCorrect7', '', 0, 'JATTACK2/Me22', '7', 0),
('End', 'FinalScore1', '', 0, 'JATTACK2/Me23', '1', 0),
('End', 'FinalScore2', '', 0, 'JATTACK2/Me23', '2', 0),
('End', 'ShowHiScore', '', 0, 'JATTACK2/Me24', '1', 1),
('JackAttack', 'PlayersScream', '', 0, 'JATTACK2/Me40', '1,2,3,4', 0),
('JackAttack', 'AudienceWrong', '', 0, 'JATTACK2/Me41', '1', 0),
('JackAttack', 'AudienceCorrect', '', 0, 'JATTACK2/Me42', '1', 0),
('JackAttack', 'Thunder', '', 0, 'JATTACK2/Me43', '1', 0),
('JackAttack', 'BGMusic1', '', 0, 'JATTACK1/Me21', '1', 1),
('JackAttack', 'BGMusic2', '', 0, 'JATTACK1/Me21', '2', 1),
('JackAttack', 'BGMusic3', '', 0, 'JATTACK1/Me21', '3', 1),
('JackAttack', 'BGMusic4', '', 0, 'JATTACK1/Me21', '4', 1),
('JackAttack', 'BGMusic5', '', 0, 'JATTACK1/Me21', '5', 1),
('JackAttack', 'BGMusic6', '', 0, 'JATTACK1/Me21', '6', 1),
('JackAttack', 'BGMusic7', '', 0, 'JATTACK1/Me21', '7', 1),
('End', 'EndMusic', '', 0, 'JATTACK1/Me21', '8', 0),
('End', 'AudienceJack', '', 0, 'ENDGAME/Mk53', '1', 0),
('End', 'StartMusicJack', '', 0, 'ENDGAME/Mg40', '1', 1),
('End', 'MusicJack', '', 0, 'ENDGAME/Mg40', '2', 1),
('Credits', 'NewPlayers', '', 0, 'CREDITS/Ml07', '1,2,3', 0),
('Gibberish', 'SFXIntro1', 'FirstGibberish', 1, 'GIBBER/Md01', '1', 0),
('Gibberish', 'SFXIntro1', 'FirstGibberish', 0, 'GIBBER/Md02', '1', 0),
('Gibberish', 'SFXIntro2', '', 0, 'GIBBER/Md03', '1,2,3,4', 0),
('Gibberish', 'AnnounceCategory', '', 0, 'GIBBER/Md04', '1,2,3,4,5', 0),
('Gibberish', 'VoiceAnnounceValue', 'QuestionValue', 5000, 'GIBBER/Md05', '1,2,3,4,5', 0),
('Gibberish', 'VoiceAnnounceValue', 'QuestionValue', 10000, 'GIBBER/Md06', '1,2,3,4,5', 0),
('Gibberish', 'ExplainRules', '', 0, 'GIBBER/Md07', '1,2,3,4', 0),
('Gibberish', 'NoScrew', '', 0, 'GIBBER/Md08', '1,2,3,4', 0),
('Gibberish', 'FreeAnswerPlayer1', 'PlayerSolo', 1, 'GIBBER/Md10', '1,2,3,4,5,6,7,8,9,10', 0),
('Gibberish', 'LastPlayers', 'PlayerSolo', 0, 'GIBBER/Md17', '1,2,3,4', 0),
('Gibberish', 'LastPlayer1', 'PlayerSolo', 0, 'GIBBER/Md18', '1,2', 0),
('Gibberish', 'LastPlayer2', 'PlayerSolo', 0, 'GIBBER/Md19', '1,2', 0),
('Gibberish', 'LastPlayer3', 'PlayerSolo', 0, 'GIBBER/Md20', '1,2,3', 0),
('Gibberish', 'Wrong0Clue', '', 0, 'GIBBER/Md21', '1,2,3,4', 0),
('Gibberish', 'Wrong1Clue', '', 0, 'GIBBER/Md22', '1,2,3,4', 0),
('Gibberish', 'Wrong2Clue', '', 0, 'GIBBER/Md23', '1,2,3', 0),
('Gibberish', 'Wrong3Clue', '', 0, 'GIBBER/Md24', '1,2,3,4', 0),
('Gibberish', 'WrongSoClose', '', 0, 'GIBBER/Md25', '1,2,3,4', 0),
('Gibberish', 'MusicIntro1', '', 0, 'GIBBER/Md40', '1', 0),
('Gibberish', 'MusicIntro2', '', 0, 'GIBBER/Md41', '1', 0),
('Gibberish', 'MusicPart1', '', 0, 'GIBBER/Md42', '1', 0),
('Gibberish', 'MusicPart2', '', 0, 'GIBBER/Md42', '2', 0),
('Gibberish', 'MusicPart3', '', 0, 'GIBBER/Md42', '3', 0),
('Gibberish', 'SFXTypeHeartBeat', '', 0, 'GIBBER/Md43', '1', 1),
('Gibberish', 'SFXShowQuestion', '', 0, 'GIBBER/Md50', '1', 0),
('Gibberish', 'SFXAnswerEntered', '', 0, 'GIBBER/Md51', '1', 0),
('Gibberish', 'SFXShowTextFrame', '', 0, 'GIBBER/Md52', '1', 0),
('Gibberish', 'SFXEraseAnswer', '', 0, 'GIBBER/Md53', '1', 1),
('Gibberish', 'SFXTypeAnswer', '', 0, 'GIBBER/Md55', '1', 0),
('Gibberish', 'SFXTypeBack', '', 0, 'GIBBER/Md58', '1', 0),
('Gibberish', 'SFXTextFrameWrong', '', 0, 'GIBBER/Md59', '1', 0),
('Gibberish', 'SFXShowAnswerAudience', '', 0, 'GIBBER/Md60', '1', 0),
('Gibberish', 'BadWord1', '', 0, 'GIBBER/Md70', '1', 0),
('Gibberish', 'BadWord2', '', 0, 'GIBBER/Md71', '1', 0),
('Gibberish', 'BadWord3', '', 0, 'GIBBER/Md72', '1', 0),
('Gibberish', 'Intro', '', 0, 'GIBBER/Md80', '1,2,3,4', 0),
('Gibberish', 'SFXEnterWoo', '', 0, 'GIBBER/Md81', '1', 0),
('Gibberish', 'SFXTimerComesIn', '', 0, 'GIBBER/Md82', '1', 0),
('Intro', 'SFXShowRound1', '', 0, 'TITLE/Mh41', '1,2,3', 0),
('R1WrapUp', 'VoiceRound1Over', '', 0, 'R1WRAPUP/Mf01', '1,2,3,4', 0),
('R1WrapUp', 'VoiceGiveScrews', '', 0, 'R1WRAPUP/Mf02', '1,2,3,4,5,6,7,8,9,10,11', 0),
('R1WrapUp', 'VoiceRound2Start', '', 0, 'R1WRAPUP/Mf03', '1,2,3', 0),
('R1WrapUp', 'VoiceExplainScrews', '', 0, 'R1WRAPUP/Mf04', '1,2,3,4', 0),
('R1WrapUp', 'MusicRound2', '', 0, 'R1WRAPUP/Mf10', '1,2', 1),
('R1WrapUp', 'SFXShowRound2', '', 0, 'R1WRAPUP/Mf20', '1,2,3', 0),
('R1WrapUp', 'SFXGiveScrews', '', 0, 'R1WRAPUP/Mf21', '1,2', 0);

-- --------------------------------------------------------

--
-- Structure de la table `strings`
--

DROP TABLE IF EXISTS `strings`;
CREATE TABLE `strings` (
  `folder` varchar(64) NOT NULL,
  `strings` text NOT NULL
) ENGINE=MyISAM DEFAULT CHARSET=utf8;

--
-- Index pour les tables exportées
--

--
-- Index pour la table `qhdr`
--
ALTER TABLE `qhdr`
  ADD PRIMARY KEY (`id`);

--
-- Index pour la table `resani`
--
ALTER TABLE `resani`
  ADD PRIMARY KEY (`grp`,`name`,`variantType`,`variantValue`);

--
-- Index pour la table `resfiles`
--
ALTER TABLE `resfiles`
  ADD PRIMARY KEY (`resid`);

--
-- Index pour la table `ressnd`
--
ALTER TABLE `ressnd`
  ADD PRIMARY KEY (`grp`,`name`,`variantType`,`variantValue`);

--
-- Index pour la table `strings`
--
ALTER TABLE `strings`
  ADD PRIMARY KEY (`folder`);

/*!40101 SET CHARACTER_SET_CLIENT=@OLD_CHARACTER_SET_CLIENT */;
/*!40101 SET CHARACTER_SET_RESULTS=@OLD_CHARACTER_SET_RESULTS */;
/*!40101 SET COLLATION_CONNECTION=@OLD_COLLATION_CONNECTION */;
